0	20	20	40.1	100.000	20	1.3	0	0	100	100	Anguispira kochi voucher FMNH 372699 cytochrome c oxidase subunit I (COX1) gene, partial cds; mitochondrial	Anguispira kochi	0	1	20	622	603
0	20	20	40.1	100.000	20	1.3	0	0	100	100	Gasteruption sp. BP100 cytochrome c oxidase subunit I (COX1) gene, partial cds; mitochondrial	Gasteruption sp. BP100	0	1	20	625	606
0	20	20	40.1	100.000	20	1.3	0	0	100	100	Hypsosinga sanguinea voucher YAW19-47_Hypsosinga cytochrome c oxidase subunit I (COX1) gene, partial cds; mitochondrial	Hypsosinga sanguinea	0	1	20	629	610
0	20	20	40.1	100.000	20	1.3	0	0	100	100	Erigone arctica voucher CHARS00021-B12 cytochrome oxidase subunit 1 (COI) gene, partial cds; mitochondrial	Erigone arctica	0	1	20	614	595
0	20	20	40.1	100.000	20	1.3	0	0	100	100	Erigone arctica voucher CHARS00019-B10 cytochrome oxidase subunit 1 (COI) gene, partial cds; mitochondrial	Erigone arctica	0	1	20	626	607
0	20	20	40.1	100.000	20	1.3	0	0	100	100	Erigone arctica voucher CHARS00021-C09 cytochrome oxidase subunit 1 (COI) gene, partial cds; mitochondrial	Erigone arctica	0	1	20	626	607
0	20	20	40.1	100.000	20	1.3	0	0	100	100	Erigone arctica voucher CHARS00019-F09 cytochrome oxidase subunit 1 (COI) gene, partial cds; mitochondrial	Erigone arctica	0	1	20	625	606
0	20	20	40.1	100.000	20	1.3	0	0	100	100	Microplitis sp. BOLD:AAA2408 voucher CHARS00263-C09 cytochrome oxidase subunit 1 (COI) gene, partial cds; mitochondrial	Microplitis sp. BOLD:AAA2408	0	1	20	626	607
0	20	20	40.1	100.000	20	1.3	0	0	100	100	Erigone arctica voucher CHARS00021-D11 cytochrome oxidase subunit 1 (COI) gene, partial cds; mitochondrial	Erigone arctica	0	1	20	625	606
0	20	20	40.1	100.000	20	1.3	0	0	100	100	Erigone arctica voucher CHARS00111-A10 cytochrome oxidase subunit 1 (COI) gene, partial cds; mitochondrial	Erigone arctica	0	1	20	614	595
1	20	20	40.1	100.000	20	1.3	0	0	100	100	Cyrtophora citricola haplotype F cytochrome oxidase subunit 1 (CO1) gene, partial cds; mitochondrial	Cyrtophora citricola	0	1	20	600	619
1	20	20	40.1	100.000	20	1.3	0	0	100	100	Cyrtophora citricola haplotype E cytochrome oxidase subunit 1 (CO1) gene, partial cds; mitochondrial	Cyrtophora citricola	0	1	20	600	619
1	20	20	40.1	100.000	20	1.3	0	0	100	100	Cyrtophora citricola haplotype D cytochrome oxidase subunit 1 (CO1) gene, partial cds; mitochondrial	Cyrtophora citricola	0	1	20	600	619
1	20	20	40.1	100.000	20	1.3	0	0	100	100	Cyrtophora citricola haplotype C cytochrome oxidase subunit 1 (CO1) gene, partial cds; mitochondrial	Cyrtophora citricola	0	1	20	600	619
1	20	20	40.1	100.000	20	1.3	0	0	100	100	Cyrtophora citricola haplotype B cytochrome oxidase subunit 1 (CO1) gene, partial cds; mitochondrial	Cyrtophora citricola	0	1	20	600	619
1	20	20	40.1	100.000	20	1.3	0	0	100	100	Cyrtophora citricola haplotype A cytochrome oxidase subunit 1 (CO1) gene, partial cds; mitochondrial	Cyrtophora citricola	0	1	20	600	619
1	20	20	40.1	100.000	20	1.3	0	0	100	100	Orthocentrinae sp. BOLD:AAC8798 voucher CHARS00259-G08 cytochrome oxidase subunit 1 (COI) gene, partial cds; mitochondrial	Orthocentrinae sp. BOLD:AAC8798	0	1	20	627	608
1	20	20	40.1	100.000	20	1.3	0	0	100	100	Ceratozetidae sp. BOLD:AAF9109 voucher CHARS00087-D06 cytochrome oxidase subunit 1 (COI) gene, partial cds; mitochondrial	Ceratozetidae sp. BOLD:AAF9109	0	1	20	625	606
1	20	20	40.1	100.000	20	1.3	0	0	100	100	Orthocentrinae sp. BOLD:AAC8798 voucher CHARS00274-G01 cytochrome oxidase subunit 1 (COI) gene, partial cds; mitochondrial	Orthocentrinae sp. BOLD:AAC8798	0	1	20	626	607
1	20	20	40.1	100.000	20	1.3	0	0	100	100	Orthocentrinae sp. BOLD:AAC8798 voucher CHARS00255-H02 cytochrome oxidase subunit 1 (COI) gene, partial cds; mitochondrial	Orthocentrinae sp. BOLD:AAC8798	0	1	20	627	608
2	20	20	40.1	100.000	20	1.3	0	0	100	100	Scheloribatidae sp. 7010_010 cytochrome oxidase subunit I (COI) gene, partial cds; mitochondrial	Scheloribatidae sp. 7010_010	0	1	20	17	36
2	20	20	40.1	100.000	20	1.3	0	0	100	100	Temnothorax sp. TEMN70 cytochrome c oxidase subunit I (coxI) gene, partial cds; mitochondrial	Temnothorax sp. TEMN70	0	1	20	662	643
2	20	20	40.1	100.000	20	1.3	0	0	100	100	Testacella sp. USCM6131 cytochrome oxidase subunit 1 (cox1) gene, partial cds; mitochondrial	Testacella sp. USCM6131	0	1	20	626	607
2	20	20	40.1	100.000	20	1.3	0	0	100	100	Camponotus pilicornis voucher RB0000717 cytochrome oxidase subunit 1 (COI) gene, partial cds; mitochondrial	Camponotus pilicornis	0	1	20	642	623
2	20	20	40.1	100.000	20	1.3	0	0	100	100	Phenopelopidae sp. BOLD:ADD0811 voucher BIOUG31600-B11 cytochrome oxidase subunit 1 (COI) gene, partial cds; mitochondrial	Phenopelopidae sp. BOLD:ADD0811	0	1	20	629	610
2	20	20	40.1	100.000	20	1.3	0	0	100	100	Phenopelopidae sp. BOLD:ADD0811 voucher BIOUG31599-E06 cytochrome oxidase subunit 1 (COI) gene, partial cds; mitochondrial	Phenopelopidae sp. BOLD:ADD0811	0	1	20	629	610
2	20	20	40.1	100.000	20	1.3	0	0	100	100	Phenopelopidae sp. BOLD:ADD2241 voucher BIOUG30424-D02 cytochrome oxidase subunit 1 (COI) gene, partial cds; mitochondrial	Phenopelopidae sp. BOLD:ADD2241	0	1	20	629	610
2	20	20	40.1	100.000	20	1.3	0	0	100	100	Phenopelopidae sp. BOLD:ADD0811 voucher BIOUG31599-G05 cytochrome oxidase subunit 1 (COI) gene, partial cds; mitochondrial	Phenopelopidae sp. BOLD:ADD0811	0	1	20	629	610
2	20	20	40.1	100.000	20	1.3	0	0	100	100	Phenopelopidae sp. BOLD:ADD2241 voucher BIOUG31600-A12 cytochrome oxidase subunit 1 (COI) gene, partial cds; mitochondrial	Phenopelopidae sp. BOLD:ADD2241	0	1	20	629	610
2	20	20	40.1	100.000	20	1.3	0	0	100	100	Phenopelopidae sp. BOLD:ADD0811 voucher BIOUG31600-B04 cytochrome oxidase subunit 1 (COI) gene, partial cds; mitochondrial	Phenopelopidae sp. BOLD:ADD0811	0	1	20	629	610
3	20	20	40.1	100.000	20	1.3	0	0	100	100	TPA_asm: Sericomyrmex saussurei mitochondrion sequence	Sericomyrmex saussurei	0	1	20	15973	15992
3	20	20	40.1	100.000	20	1.3	0	0	100	100	TPA_asm: Orectognathus versicolor mitochondrion sequence	Orectognathus versicolor	0	1	20	13773	13792
3	20	20	40.1	100.000	20	1.3	0	0	100	100	TPA_asm: Trachymyrmex cornetzi mitochondrion sequence	Trachymyrmex cornetzi	0	1	20	999	1018
3	20	20	40.1	100.000	20	1.3	0	0	100	100	TPA_asm: Temnothorax sp. mmp07 mitochondrion sequence	Temnothorax sp. mmp07	0	1	20	10799	10818
3	20	20	40.1	100.000	20	1.3	0	0	100	100	Apatania sp. BOLD:AAA8874 voucher CHARS00096-C06 cytochrome oxidase subunit 1 (COI) gene, partial cds; mitochondrial	Apatania sp. BOLD:AAA8874	0	1	20	626	607
3	20	20	40.1	100.000	20	1.3	0	0	100	100	Carpophilus dimidiatus mitochondrion, complete genome	Carpophilus dimidiatus	0	1	20	2101	2082
3	20	20	40.1	100.000	20	1.3	0	0	100	100	Balaustium sp. BOLD:AAL8146 voucher BIOUG30834-A08 cytochrome oxidase subunit 1 (COI) gene, partial cds; mitochondrial	Balaustium sp. BOLD:AAL8146	0	1	20	629	610
3	20	20	40.1	100.000	20	1.3	0	0	100	100	Balaustium sp. BOLD:ADI4824 voucher BIOUG35906-C03 cytochrome oxidase subunit 1 (COI) gene, partial cds; mitochondrial	Balaustium sp. BOLD:ADI4824	0	1	20	629	610
3	20	20	40.1	100.000	20	1.3	0	0	100	100	Balaustium sp. BOLD:ADI4824 voucher BIOUG35904-G01 cytochrome oxidase subunit 1 (COI) gene, partial cds; mitochondrial	Balaustium sp. BOLD:ADI4824	0	1	20	629	610
3	20	20	40.1	100.000	20	1.3	0	0	100	100	Balaustium sp. BOLD:AAN6614 voucher BIOUG35667-G06 cytochrome oxidase subunit 1 (COI) gene, partial cds; mitochondrial	Balaustium sp. BOLD:AAN6614	0	1	20	629	610
4	20	20	40.1	100.000	20	1.3	0	0	100	100	Tremulicerus sandagouensis voucher DA53 cytochrome oxidase subunit 1 (COI) gene, partial cds; mitochondrial	Tremulicerus sandagouensis	0	1	20	629	610
4	20	20	40.1	100.000	20	1.3	0	0	100	100	Montenegrina prokletiana kovacsorum isolate Mpk_470_04 cytochrome c oxidase subunit I (COX1) gene, partial cds; mitochondrial	Montenegrina prokletiana kovacsorum	0	1	20	625	606
4	20	20	40.1	100.000	20	1.3	0	0	100	100	Montenegrina prokletiana kovacsorum isolate Mpk_470_03 cytochrome c oxidase subunit I (COX1) gene, partial cds; mitochondrial	Montenegrina prokletiana kovacsorum	0	1	20	625	606
4	20	20	40.1	100.000	20	1.3	0	0	100	100	Pachygnatha clercki voucher CHARS00179-G10 cytochrome oxidase subunit 1 (COI) gene, partial cds; mitochondrial	Pachygnatha clercki	0	1	20	627	608
4	20	20	40.1	100.000	20	1.3	0	0	100	100	Diadegma sp. BOLD:ACY6808 voucher CHARS00072-F01 cytochrome oxidase subunit 1 (COI) gene, partial cds; mitochondrial	Diadegma sp. BOLD:ACY6808	0	1	20	626	607
4	20	20	40.1	100.000	20	1.3	0	0	100	100	Pachygnatha clercki voucher CHARS00157-G08 cytochrome oxidase subunit 1 (COI) gene, partial cds; mitochondrial	Pachygnatha clercki	0	1	20	625	606
4	20	20	40.1	100.000	20	1.3	0	0	100	100	Diadegma sp. BOLD:AAL1412 voucher CHARS00072-F03 cytochrome oxidase subunit 1 (COI) gene, partial cds; mitochondrial	Diadegma sp. BOLD:AAL1412	0	1	20	626	607
4	20	20	40.1	100.000	20	1.3	0	0	100	100	Pachygnatha clercki voucher CHARS00179-G09 cytochrome oxidase subunit 1 (COI) gene, partial cds; mitochondrial	Pachygnatha clercki	0	1	20	626	607
4	20	20	40.1	100.000	20	1.3	0	0	100	100	Eulophidae sp. BOLD:ADU1910 voucher CHARS00131-C02 cytochrome oxidase subunit 1 (COI) gene, partial cds; mitochondrial	Eulophidae sp. BOLD:ADU1910	0	1	20	620	601
4	20	20	40.1	100.000	20	1.3	0	0	100	100	Pachygnatha clercki voucher CHARS00182-A08 cytochrome oxidase subunit 1 (COI) gene, partial cds; mitochondrial	Pachygnatha clercki	0	1	20	626	607
5	20	20	40.1	100.000	20	1.3	0	0	100	100	Pachygnatha clercki haplotype WenvS1 cytochrome oxidase subunit I (COI) gene, partial cds; mitochondrial	Pachygnatha clercki	0	1	20	49	68
5	20	20	40.1	100.000	20	1.3	0	0	100	100	Pachygnatha clercki voucher CHARS00077-F09 cytochrome oxidase subunit 1 (COI) gene, partial cds; mitochondrial	Pachygnatha clercki	0	1	20	620	601
5	20	20	40.1	100.000	20	1.3	0	0	100	100	Pachygnatha clercki voucher CHARS00179-G07 cytochrome oxidase subunit 1 (COI) gene, partial cds; mitochondrial	Pachygnatha clercki	0	1	20	626	607
5	20	20	40.1	100.000	20	1.3	0	0	100	100	Corynis jucunda voucher DEI-GISHym17988 cytochrome c oxidase subunit I (COI) gene, partial cds; mitochondrial	Corynis jucunda	0	1	20	629	610
5	20	20	40.1	100.000	20	1.3	0	0	100	100	Temnothorax continentalis voucher BC-MTP-00087 cytochrome oxidase subunit 1 (COI) gene, partial cds; mitochondrial	Temnothorax continentalis	0	1	20	629	610
5	20	20	40.1	100.000	20	1.3	0	0	100	100	Temnothorax continentalis voucher BC-MTP-00071 cytochrome oxidase subunit 1 (COI) gene, partial cds; mitochondrial	Temnothorax continentalis	0	1	20	629	610
5	20	20	40.1	100.000	20	1.3	0	0	100	100	Parargissa sp. BOLD:ADF5876 voucher 30E_Cyph_2016_1 cytochrome oxidase subunit 1 (COI) gene, partial cds; mitochondrial	Parargissa sp. BOLD:ADF5876	0	1	20	592	573
5	20	20	40.1	100.000	20	1.3	0	0	100	100	Parargissa sp. BOLD:ADF5876 voucher 3-9S_Para1_2012_1 cytochrome oxidase subunit 1 (COI) gene, partial cds; mitochondrial	Parargissa sp. BOLD:ADF5876	0	1	20	582	563
5	20	20	40.1	100.000	20	1.3	0	0	100	100	Ceutorhynchus mutabilis voucher CNC COLEO 00157624 cytochrome oxidase subunit 1 (COI) gene, partial cds; mitochondrial	Ceutorhynchus mutabilis	0	1	20	378	359
5	20	20	40.1	100.000	20	1.3	0	0	100	100	Eremaeidae sp. BOLD:ACK1276 voucher BIOUG30848-F01 cytochrome oxidase subunit 1 (COI) gene, partial cds; mitochondrial	Eremaeidae sp. BOLD:ACK1276	0	1	20	629	610
6	20	20	40.1	100.000	20	1.3	0	0	100	100	Gasteruption primotarsale voucher G04 cytochrome c oxidase subunit I (COX1) gene, partial cds; mitochondrial	Gasteruption primotarsale	0	1	20	625	606
6	20	20	40.1	100.000	20	1.3	0	0	100	100	Forcipata loca voucher 1435-2019 cytochrome c oxidase subunit I (COX1) gene, partial cds; mitochondrial	Forcipata loca	0	1	20	403	384
6	20	20	40.1	100.000	20	1.3	0	0	100	100	Gasteruption primotarsale voucher G79 cytochrome c oxidase subunit I (COX1) gene, partial cds; mitochondrial	Gasteruption primotarsale	0	1	20	625	606
6	20	20	40.1	100.000	20	1.3	0	0	100	100	Gasteruption sp. BP52 cytochrome c oxidase subunit I (COX1) gene, partial cds; mitochondrial	Gasteruption sp. BP52	0	1	20	625	606
6	20	20	40.1	100.000	20	1.3	0	0	100	100	Cryptotympana atrata voucher 2014CA04 cytochrome oxidase subunit I (COI) gene, partial cds; mitochondrial	Cryptotympana atrata	0	1	20	581	562
6	20	20	40.1	100.000	20	1.3	0	0	100	100	Cryptotympana atrata voucher 2014CA03 cytochrome oxidase subunit I (COI) gene, partial cds; mitochondrial	Cryptotympana atrata	0	1	20	581	562
6	20	20	40.1	100.000	20	1.3	0	0	100	100	Cryptotympana atrata voucher 2014CA02 cytochrome oxidase subunit I (COI) gene, partial cds; mitochondrial	Cryptotympana atrata	0	1	20	581	562
6	20	20	40.1	100.000	20	1.3	0	0	100	100	Cryptotympana atrata voucher 2014CA01 cytochrome oxidase subunit I (COI) gene, partial cds; mitochondrial	Cryptotympana atrata	0	1	20	581	562
6	20	20	40.1	100.000	20	1.3	0	0	100	100	Mileewa margheritae mitochondrion, complete genome	Mileewa margheritae	0	1	20	2025	2006
6	20	20	40.1	100.000	20	1.3	0	0	100	100	Tremulicerus constrictus voucher DC06 cytochrome oxidase subunit 1 (COI) gene, partial cds; mitochondrial	Tremulicerus constrictus	0	1	20	629	610
7	20	20	40.1	100.000	20	1.3	0	0	100	100	Argopistes tsekooni voucher S1 cytochrome oxidase subunit I (COI) gene, partial cds; mitochondrial	Argopistes tsekooni	0	1	20	25	44
7	20	20	40.1	100.000	20	1.3	0	0	100	100	Formosemia sp. 1 KSS-2017 isolate A cytochrome oxidase subunit 1 (CO1) gene, partial cds; mitochondrial	Formosemia sp. 1 KSS-2017	0	1	20	17	36
7	20	20	40.1	100.000	20	1.3	0	0	100	100	TPA_asm: Lasius californicus mitochondrion sequence	Lasius californicus	0	1	20	8291	8310
7	20	20	40.1	100.000	20	1.3	0	0	100	100	TPA_asm: Temnothorax rugatulus mitochondrion sequence	Temnothorax rugatulus	0	1	20	5526	5545
7	20	20	40.1	100.000	20	1.3	0	0	100	100	Rhipicephalus turanicus isolate Y1 cytochrome c oxidase I gene, partial cds; mitochondrial	Rhipicephalus turanicus	0	1	20	34	53
7	20	20	40.1	100.000	20	1.3	0	0	100	100	Tetragnatha marquesiana isolate HivaOaTemetiu52 cytochrome oxidase subunit I (COI) gene, partial cds; mitochondrial	Tetragnatha marquesiana	0	1	20	245	264
7	20	20	40.1	100.000	20	1.3	0	0	100	100	Atmetocranium sp. A FM-2020 isolate 62 cytochrome c oxidase subunit I (COX1) gene, partial cds; mitochondrial	Atmetocranium sp. A FM-2020	0	1	20	493	474
7	20	20	40.1	100.000	20	1.3	0	0	100	100	Idioceroides tettigoniformis voucher DG28 cytochrome oxidase subunit 1 (COI) gene, partial cds; mitochondrial	Idioceroides tettigoniformis	0	1	20	629	610
7	20	20	40.1	100.000	20	1.3	0	0	100	100	Idiocerinae gen. n. sp. 4 QX-2018 voucher DD08 cytochrome oxidase subunit 1 (COI) gene, partial cds; mitochondrial	Idiocerinae gen. n. sp. 4 QX-2018	0	1	20	629	610
7	20	20	40.1	100.000	20	1.3	0	0	100	100	Pteromalidae sp. BOLD:ACE1279 voucher CHARS00281-D03 cytochrome oxidase subunit 1 (COI) gene, partial cds; mitochondrial	Pteromalidae sp. BOLD:ACE1279	0	1	20	620	601
8	20	20	40.1	100.000	20	1.3	0	0	100	100	Thecophora atra genome assembly, chromosome: X	Thecophora atra	0	1	20	68574855	68574874
8	20	20	40.1	100.000	20	1.3	0	0	100	100	TPA_asm: Polyergus breviceps mitochondrion sequence	Polyergus breviceps	0	1	20	13689	13708
8	20	20	40.1	100.000	20	1.3	0	0	100	100	Tetragnatha marquesiana isolate HivaOaTemetiu48 cytochrome oxidase subunit I (COI) gene, partial cds; mitochondrial	Tetragnatha marquesiana	0	1	20	243	262
8	20	20	40.1	100.000	20	1.3	0	0	100	100	Anguispira kochi voucher RBCM 015-00446-001 cytochrome c oxidase subunit I (COX1) gene, partial cds; mitochondrial	Anguispira kochi	0	1	20	626	607
8	20	20	40.1	100.000	20	1.3	0	0	100	100	Tapinoma indicum voucher TapinomaIndicum_U01b_CO1 cytochrome c oxidase subunit I (COX1) gene, partial cds; mitochondrial	Tapinoma indicum	0	1	20	565	546
8	20	20	40.1	100.000	20	1.3	0	0	100	100	Prenolepis imparis isolate DNAS-4D1-6FEL cytochrome c oxidase subunit I (COI) gene, partial cds; mitochondrial	Prenolepis imparis	0	1	20	621	602
8	20	20	40.1	100.000	20	1.3	0	0	100	100	Prenolepis imparis isolate DNAS-496-6DXB cytochrome c oxidase subunit I (COI) gene, partial cds; mitochondrial	Prenolepis imparis	0	1	20	627	608
8	20	20	40.1	100.000	20	1.3	0	0	100	100	Cosmoscarta dorsimacula mitochondrion, complete genome	Cosmoscarta dorsimacula	0	1	20	2058	2039
8	20	20	40.1	100.000	20	1.3	0	0	100	100	Oribatula sp. BOLD:AAE5049 voucher BIOUG23547-F05 cytochrome oxidase subunit 1 (COI) gene, partial cds; mitochondrial	Oribatula sp. BOLD:AAE5049	0	1	20	629	610
8	20	20	40.1	100.000	20	1.3	0	0	100	100	Oribatula sp. BOLD:AAZ5860 voucher BIOUG30851-B10 cytochrome oxidase subunit 1 (COI) gene, partial cds; mitochondrial	Oribatula sp. BOLD:AAZ5860	0	1	20	629	610
9	20	20	40.1	100.000	20	1.3	0	0	100	100	Leogorrus formicarius voucher YB-BCI167327 cytochrome oxidase subunit 1 (COI) gene, partial cds; mitochondrial	Leogorrus formicarius	0	1	20	629	610
9	20	20	40.1	100.000	20	1.3	0	0	100	100	Ambrosiodmus rubricollis isolate SAX259 cytochrome oxidase subunit I (COI) gene, partial cds; mitochondrial	Ambrosiodmus rubricollis	0	1	20	615	596
9	20	20	40.1	100.000	20	1.3	0	0	100	100	Austrolebias minuano isolate 6M1 cytochrome oxidase subunit I gene, partial cds; mitochondrial	Austrolebias minuano	0	1	20	611	592
9	20	20	40.1	100.000	20	1.3	0	0	100	100	Austrolebias minuano isolate 5M19 cytochrome oxidase subunit I gene, partial cds; mitochondrial	Austrolebias minuano	0	1	20	611	592
9	20	20	40.1	100.000	20	1.3	0	0	100	100	Erythraeus sp. BOLD:AAL8146 voucher BIOUG30829-A01 cytochrome oxidase subunit 1 (COI) gene, partial cds; mitochondrial	Erythraeus sp. BOLD:AAL8146	0	1	20	629	610
9	20	20	40.1	100.000	20	1.3	0	0	100	100	Erythraeus sp. BOLD:AAM7978 voucher BIOUG30425-D07 cytochrome oxidase subunit 1 (COI) gene, partial cds; mitochondrial	Erythraeus sp. BOLD:AAM7978	0	1	20	629	610
9	20	20	40.1	100.000	20	1.3	0	0	100	100	Exochocepheus sp. BOLD:ACE1428 voucher RAM.TMS.M00022257 cytochrome oxidase subunit 1 (COI) gene, partial cds; mitochondrial	Exochocepheus sp. BOLD:ACE1428	0	1	20	629	610
9	20	20	40.1	100.000	20	1.3	0	0	100	100	Erythraeus sp. BOLD:AAL8146 voucher BIOUG30834-A10 cytochrome oxidase subunit 1 (COI) gene, partial cds; mitochondrial	Erythraeus sp. BOLD:AAL8146	0	1	20	629	610
9	20	20	40.1	100.000	20	1.3	0	0	100	100	Exochocepheus sp. BOLD:ADI4824 voucher RAM.TMS.M00022258 cytochrome oxidase subunit 1 (COI) gene, partial cds; mitochondrial	Exochocepheus sp. BOLD:ADI4824	0	1	20	629	610
9	20	20	40.1	100.000	20	1.3	0	0	100	100	Erythraeus sp. BOLD:AAL8146 voucher BIOUG30829-A04 cytochrome oxidase subunit 1 (COI) gene, partial cds; mitochondrial	Erythraeus sp. BOLD:AAL8146	0	1	20	629	610
10	20	20	40.1	100.000	20	1.3	0	0	100	100	Anoplolepis gracilipes voucher CUANc cytochrome oxidase subunit I (COX1) gene, partial cds; mitochondrial	Anoplolepis gracilipes	0	1	20	43	62
10	20	20	40.1	100.000	20	1.3	0	0	100	100	TPA_asm: Protanilla sp. CASENT0634862 mitochondrion sequence	Protanilla sp. CASENT0634862	0	1	20	13024	13043
10	20	20	40.1	100.000	20	1.3	0	0	100	100	TPA_asm: Myrmicocrypta sp. CASENT0636066 mitochondrion sequence	Myrmicocrypta sp. CASENT0636066	0	1	20	7813	7832
10	20	20	40.1	100.000	20	1.3	0	0	100	100	Cerceris rybyensis genome assembly, organelle: mitochondrion	Cerceris rybyensis	0	1	20	4083	4102
10	20	20	40.1	100.000	20	1.3	0	0	100	100	Amauronematus sp. BOLD:ADS7391 voucher CHARS00088-A04 cytochrome oxidase subunit 1 (COI) gene, partial cds; mitochondrial	Amauronematus sp. BOLD:ADS7391	0	1	20	627	608
10	20	20	40.1	100.000	20	1.3	0	0	100	100	Stenomacrus sp. BOLD:AAE9002 voucher CHARS00141-D08 cytochrome oxidase subunit 1 (COI) gene, partial cds; mitochondrial	Stenomacrus sp. BOLD:AAE9002	0	1	20	626	607
10	20	20	40.1	100.000	20	1.3	0	0	100	100	Corynis crassicornis voucher DEI-GISHym84801 cytochrome oxidase subunit I (COI) gene, partial cds; mitochondrial	Corynis crassicornis	0	1	20	629	610
10	20	20	40.1	100.000	20	1.3	0	0	100	100	Corynis sp. 2 HJJ-2019 voucher DEI-GISHym84866 cytochrome c oxidase subunit I (COI) gene, partial cds; mitochondrial	Corynis sp. 2 HJJ-2019	0	1	20	425	406
10	20	20	40.1	100.000	20	1.3	0	0	100	100	Metcracis metcalfi voucher YB-BCI114575 cytochrome oxidase subunit 1 (COI) gene, partial cds; mitochondrial	Metcracis metcalfi	0	1	20	605	586
10	20	20	40.1	100.000	20	1.3	0	0	100	100	Metcracis metcalfi voucher YB-BCI115046 cytochrome oxidase subunit 1 (COI) gene, partial cds; mitochondrial	Metcracis metcalfi	0	1	20	629	610
11	20	20	40.1	100.000	20	1.3	0	0	100	100	Tambinia sp. 1 XSC-2017 isolate ZTB1 cytochrome oxidase subunit I (COI) gene, partial cds; mitochondrial	Tambinia sp. 1 XSC-2017	0	1	20	8	27
11	20	20	40.1	100.000	20	1.3	0	0	100	100	TPA_asm: Myrmecia pyriformis Smith, 1858 mitochondrion sequence	Myrmecia pyriformis Smith, 1858	0	1	20	4486	4505
11	20	20	40.1	100.000	20	1.3	0	0	100	100	TPA_asm: Dolichoderus pustulatus mitochondrion sequence	Dolichoderus pustulatus	0	1	20	13749	13768
11	20	20	40.1	100.000	20	1.3	0	0	100	100	TPA_asm: Brachymyrmex depilis mitochondrion sequence	Brachymyrmex depilis	0	1	20	14591	14610
11	20	20	40.1	100.000	20	1.3	0	0	100	100	Zaletta kisseis voucher INHS97 cytochrome oxidase subunit 1 (COI) gene, partial cds; mitochondrial	Zaletta kisseis	0	1	20	629	610
11	20	20	40.1	100.000	20	1.3	0	0	100	100	Plectiscidea sp. BOLD:AAF4291 voucher CHARS00141-D05 cytochrome oxidase subunit 1 (COI) gene, partial cds; mitochondrial	Plectiscidea sp. BOLD:AAF4291	0	1	20	626	607
11	20	20	40.1	100.000	20	1.3	0	0	100	100	Plectiscidea sp. BOLD:AAF4291 voucher CHARS00225-H11 cytochrome oxidase subunit 1 (COI) gene, partial cds; mitochondrial	Plectiscidea sp. BOLD:AAF4291	0	1	20	626	607
11	20	20	40.1	100.000	20	1.3	0	0	100	100	Nematinae sp. BOLD:ACY4317 voucher CHARS00088-A05 cytochrome oxidase subunit 1 (COI) gene, partial cds; mitochondrial	Nematinae sp. BOLD:ACY4317	0	1	20	626	607
11	20	20	40.1	100.000	20	1.3	0	0	100	100	Castolus lineatus voucher YB-BCI167388 cytochrome oxidase subunit 1 (COI) gene, partial cds; mitochondrial	Castolus lineatus	0	1	20	629	610
11	20	20	40.1	100.000	20	1.3	0	0	100	100	Castolus lineatus voucher YB-BCI167389 cytochrome oxidase subunit 1 (COI) gene, partial cds; mitochondrial	Castolus lineatus	0	1	20	611	592
12	20	20	40.1	100.000	20	1.3	0	0	100	100	Anguispira jessica voucher FMNH 383610 cytochrome c oxidase subunit I (COX1) gene, partial cds; mitochondrial	Anguispira jessica	0	1	20	626	607
12	20	20	40.1	100.000	20	1.3	0	0	100	100	Gasteruption albicuspis voucher G50 cytochrome c oxidase subunit I (COX1) gene, partial cds; mitochondrial	Gasteruption albicuspis	0	1	20	399	380
12	20	20	40.1	100.000	20	1.3	0	0	100	100	Gasteruption boreale voucher EU07 cytochrome c oxidase subunit I (COX1) gene, partial cds; mitochondrial	Gasteruption boreale	0	1	20	625	606
12	20	20	40.1	100.000	20	1.3	0	0	100	100	Scrobipalpa arenbergeri voucher TLMF Lep 17205 cytochrome oxidase subunit 1 (COI) gene, partial cds; mitochondrial	Scrobipalpa arenbergeri	0	1	20	629	610
12	20	20	40.1	100.000	20	1.3	0	0	100	100	Hippocampus mohnikei isolate F2 cytochrome c oxidase subunit I (COI) gene, partial cds; mitochondrial	Hippocampus mohnikei	0	1	20	395	376
12	20	20	40.1	100.000	20	1.3	0	0	100	100	Orthocentrinae sp. BOLD:AAH1605 voucher CHARS00113-H09 cytochrome oxidase subunit 1 (COI) gene, partial cds; mitochondrial	Orthocentrinae sp. BOLD:AAH1605	0	1	20	626	607
12	20	20	40.1	100.000	20	1.3	0	0	100	100	Gibothorax tchernovi voucher CHARS00022-A11 cytochrome oxidase subunit 1 (COI) gene, partial cds; mitochondrial	Gibothorax tchernovi	0	1	20	625	606
12	20	20	40.1	100.000	20	1.3	0	0	100	100	Gibothorax tchernovi voucher CHARS00020-C02 cytochrome oxidase subunit 1 (COI) gene, partial cds; mitochondrial	Gibothorax tchernovi	0	1	20	627	608
12	20	20	40.1	100.000	20	1.3	0	0	100	100	Gibothorax tchernovi voucher CHARS00020-G08 cytochrome oxidase subunit 1 (COI) gene, partial cds; mitochondrial	Gibothorax tchernovi	0	1	20	625	606
12	20	20	40.1	100.000	20	1.3	0	0	100	100	Ceratozetidae sp. BOLD:ACZ2170 voucher CHARS00275-B06 cytochrome oxidase subunit 1 (COI) gene, partial cds; mitochondrial	Ceratozetidae sp. BOLD:ACZ2170	0	1	20	626	607
13	20	20	40.1	100.000	20	1.3	0	0	100	100	Graptopsaltria nigrofuscata voucher 2017GN04 cytochrome oxidase subunit I (COI) gene, partial cds; mitochondrial	Graptopsaltria nigrofuscata	0	1	20	581	562
13	20	20	40.1	100.000	20	1.3	0	0	100	100	Graptopsaltria nigrofuscata voucher 2014GN03 cytochrome oxidase subunit I (COI) gene, partial cds; mitochondrial	Graptopsaltria nigrofuscata	0	1	20	581	562
13	20	20	40.1	100.000	20	1.3	0	0	100	100	Graptopsaltria nigrofuscata voucher 2014GN02 cytochrome oxidase subunit I (COI) gene, partial cds; mitochondrial	Graptopsaltria nigrofuscata	0	1	20	581	562
13	20	20	40.1	100.000	20	1.3	0	0	100	100	Graptopsaltria nigrofuscata voucher 2016GN01 cytochrome oxidase subunit I (COI) gene, partial cds; mitochondrial	Graptopsaltria nigrofuscata	0	1	20	581	562
13	20	20	40.1	100.000	20	1.3	0	0	100	100	Nannicerus sp. DD05 cytochrome oxidase subunit 1 (COI) gene, partial cds; mitochondrial	Nannicerus sp. DD05	0	1	20	629	610
13	20	20	40.1	100.000	20	1.3	0	0	100	100	Ceratoppia sp. BOLD:ADS7151 voucher CHARS00092-G08 cytochrome oxidase subunit 1 (COI) gene, partial cds; mitochondrial	Ceratoppia sp. BOLD:ADS7151	0	1	20	624	605
13	20	20	40.1	100.000	20	1.3	0	0	100	100	Masikia indistincta voucher CHARS00087-G07 cytochrome oxidase subunit 1 (COI) gene, partial cds; mitochondrial	Masikia indistincta	0	1	20	626	607
13	20	20	40.1	100.000	20	1.3	0	0	100	100	Masikia indistincta voucher CHARS00087-G02 cytochrome oxidase subunit 1 (COI) gene, partial cds; mitochondrial	Masikia indistincta	0	1	20	626	607
13	20	20	40.1	100.000	20	1.3	0	0	100	100	Masikia indistincta voucher CHARS00075-E04 cytochrome oxidase subunit 1 (COI) gene, partial cds; mitochondrial	Masikia indistincta	0	1	20	626	607
13	20	20	40.1	100.000	20	1.3	0	0	100	100	Masikia indistincta voucher CHARS00086-H09 cytochrome oxidase subunit 1 (COI) gene, partial cds; mitochondrial	Masikia indistincta	0	1	20	626	607
14	20	20	40.1	100.000	20	1.3	0	0	100	100	Maladera calicutensis isolate CPRS-Ooty cytochrome c oxidase subunit I (COX1) gene, partial cds; mitochondrial	Maladera calicutensis	0	1	20	606	587
14	20	20	40.1	100.000	20	1.3	0	0	100	100	Riotintobolus sp. ZFMK MYR2438 cytochrome c oxidase subunit I (COX1) gene, partial cds; mitochondrial	Riotintobolus sp. ZFMK MYR2438	0	1	20	625	606
14	20	20	40.1	100.000	20	1.3	0	0	100	100	Remycampa herbanica cytochrome c oxidase subunit I gene, partial cds; mitochondrial	Remycampa herbanica	0	1	20	628	609
14	20	20	40.1	100.000	20	1.3	0	0	100	100	Haplothrips bagrolis voucher TH1H6 cytochrome c oxidase subunit I (COX1) gene, partial cds; mitochondrial	Haplothrips bagrolis	0	1	20	591	572
14	20	20	40.1	100.000	20	1.3	0	0	100	100	Lasioglossum sp. 38-Bilpin-Bar cytochrome c oxidase subunit 1 (CO1) gene, partial cds; mitochondrial	Lasioglossum sp. 38-Bilpin-Bar	0	1	20	586	567
14	20	20	40.1	100.000	20	1.3	0	0	100	100	Lasioglossum sp. 39-Bilpin-Bar cytochrome c oxidase subunit 1 (CO1) gene, partial cds; mitochondrial	Lasioglossum sp. 39-Bilpin-Bar	0	1	20	592	573
14	20	20	40.1	100.000	20	1.3	0	0	100	100	Dibunus sp. 2 DNP-2020 voucher CASENT 9017912 cytochrome c oxidase subunit I gene, partial cds; mitochondrial	Dibunus sp. 2 DNP-2020	0	1	20	604	585
14	20	20	40.1	100.000	20	1.3	0	0	100	100	Ceratozetidae sp. BOLD:ADE0751 voucher BIOUG30843-A09 cytochrome oxidase subunit 1 (COI) gene, partial cds; mitochondrial	Ceratozetidae sp. BOLD:ADE0751	0	1	20	629	610
14	20	20	40.1	100.000	20	1.3	0	0	100	100	Balaustium sp. BOLD:ADI4824 voucher BIOUG36332-C01 cytochrome oxidase subunit 1 (COI) gene, partial cds; mitochondrial	Balaustium sp. BOLD:ADI4824	0	1	20	629	610
14	20	20	40.1	100.000	20	1.3	0	0	100	100	Balaustium sp. BOLD:ADI4824 voucher BIOUG36178-H04 cytochrome oxidase subunit 1 (COI) gene, partial cds; mitochondrial	Balaustium sp. BOLD:ADI4824	0	1	20	629	610
15	20	20	40.1	100.000	20	1.3	0	0	100	100	Ophisops elegans isolate BEV14210 cytochrome c oxidase subunit 1 (CO1) gene, partial cds; mitochondrial	Ophisops elegans	0	1	20	642	623
15	20	20	40.1	100.000	20	1.3	0	0	100	100	Ophisops elegans isolate BEV14209 cytochrome c oxidase subunit 1 (CO1) gene, partial cds; mitochondrial	Ophisops elegans	0	1	20	642	623
15	20	20	40.1	100.000	20	1.3	0	0	100	100	Ophisops elegans isolate BEV14206 cytochrome c oxidase subunit 1 (CO1) gene, partial cds; mitochondrial	Ophisops elegans	0	1	20	642	623
15	20	20	40.1	100.000	20	1.3	0	0	100	100	Ophisops elegans isolate BEV14204 cytochrome c oxidase subunit 1 (CO1) gene, partial cds; mitochondrial	Ophisops elegans	0	1	20	642	623
15	20	20	40.1	100.000	20	1.3	0	0	100	100	Ophisops elegans isolate T10739 cytochrome c oxidase subunit 1 (CO1) gene, partial cds; mitochondrial	Ophisops elegans	0	1	20	642	623
15	20	20	40.1	100.000	20	1.3	0	0	100	100	Ophisops elegans isolate BEV14202 cytochrome c oxidase subunit 1 (CO1) gene, partial cds; mitochondrial	Ophisops elegans	0	1	20	642	623
15	20	20	40.1	100.000	20	1.3	0	0	100	100	Ophisops elegans isolate T9317 cytochrome c oxidase subunit 1 (CO1) gene, partial cds; mitochondrial	Ophisops elegans	0	1	20	642	623
15	20	20	40.1	100.000	20	1.3	0	0	100	100	Ophisops elegans isolate T9310 cytochrome c oxidase subunit 1 (CO1) gene, partial cds; mitochondrial	Ophisops elegans	0	1	20	642	623
15	20	20	40.1	100.000	20	1.3	0	0	100	100	Ophisops elegans isolate T9309 cytochrome c oxidase subunit 1 (CO1) gene, partial cds; mitochondrial	Ophisops elegans	0	1	20	642	623
15	20	20	40.1	100.000	20	1.3	0	0	100	100	Ophisops elegans isolate T9319 cytochrome c oxidase subunit 1 (CO1) gene, partial cds; mitochondrial	Ophisops elegans	0	1	20	642	623
16	20	20	40.1	100.000	20	1.3	0	0	100	100	Gasteruption sp. SAF08 cytochrome c oxidase subunit I (COX1) gene, partial cds; mitochondrial	Gasteruption sp. SAF08	0	1	20	625	606
16	20	20	40.1	100.000	20	1.3	0	0	100	100	Pseudoclithria dejecta voucher AFBRC8094-01 cytochrome oxidase subunit 1 (COI) gene, partial cds; mitochondrial	Pseudoclithria dejecta	0	1	20	629	610
16	20	20	40.1	100.000	20	1.3	0	0	100	100	Atractodes sp. BOLD:AAD4528 voucher CHARS00225-H06 cytochrome oxidase subunit 1 (COI) gene, partial cds; mitochondrial	Atractodes sp. BOLD:AAD4528	0	1	20	626	607
16	20	20	40.1	100.000	20	1.3	0	0	100	100	Atractodes sp. BOLD:AAH2140 voucher CHARS00260-C01 cytochrome oxidase subunit 1 (COI) gene, partial cds; mitochondrial	Atractodes sp. BOLD:AAH2140	0	1	20	625	606
16	20	20	40.1	100.000	20	1.3	0	0	100	100	Agyneta maritima voucher CHARS00019-E11 cytochrome oxidase subunit 1 (COI) gene, partial cds; mitochondrial	Agyneta maritima	0	1	20	626	607
16	20	20	40.1	100.000	20	1.3	0	0	100	100	Atractodes sp. BOLD:ABZ2717 voucher CHARS00075-A06 cytochrome oxidase subunit 1 (COI) gene, partial cds; mitochondrial	Atractodes sp. BOLD:ABZ2717	0	1	20	626	607
16	20	20	40.1	100.000	20	1.3	0	0	100	100	Atractodes sp. BOLD:ABZ2717 voucher CHARS00105-B03 cytochrome oxidase subunit 1 (COI) gene, partial cds; mitochondrial	Atractodes sp. BOLD:ABZ2717	0	1	20	627	608
16	20	20	40.1	100.000	20	1.3	0	0	100	100	Atractodes sp. BOLD:ABZ2717 voucher CHARS00075-A07 cytochrome oxidase subunit 1 (COI) gene, partial cds; mitochondrial	Atractodes sp. BOLD:ABZ2717	0	1	20	624	605
16	20	20	40.1	100.000	20	1.3	0	0	100	100	Atractodes sp. BOLD:ABZ2717 voucher CHARS00229-G12 cytochrome oxidase subunit 1 (COI) gene, partial cds; mitochondrial	Atractodes sp. BOLD:ABZ2717	0	1	20	625	606
16	20	20	40.1	100.000	20	1.3	0	0	100	100	Atractodes sp. BOLD:ABZ2717 voucher CHARS00281-C03 cytochrome oxidase subunit 1 (COI) gene, partial cds; mitochondrial	Atractodes sp. BOLD:ABZ2717	0	1	20	625	606
17	20	20	40.1	100.000	20	1.3	0	0	100	100	Mycobacteroides chelonae strain M77 chromosome	Mycobacteroides chelonae	0	1	20	4812727	4812746
17	20	20	40.1	100.000	20	1.3	0	0	100	100	Mycobacterium sp. QIA-37 chromosome, complete genome	Mycobacterium sp. QIA-37	0	1	20	4494635	4494654
17	20	20	40.1	100.000	20	1.3	0	0	100	100	Ophion luteus genome assembly, chromosome: 2	Ophion luteus	0	1	20	21655489	21655508
17	20	20	40.1	100.000	20	1.3	0	0	100	100	Mycobacteroides chelonae strain MCHE08 chromosome, complete genome	Mycobacteroides chelonae	0	1	20	4694069	4694088
17	20	20	40.1	100.000	20	1.3	0	0	100	100	Lasioglossum morio genome assembly, chromosome: 4	Lasioglossum morio	0	1	20	30552652	30552671
17	16	16	32.2	100.000	16	326	0	0	100	80	Lasioglossum morio genome assembly, chromosome: 4	Lasioglossum morio	0	5	20	24319342	24319327
17	20	20	40.1	100.000	20	1.3	0	0	100	100	PREDICTED: Chiloscyllium plagiosum lipolysis stimulated lipoprotein receptor (lsr), mRNA	Chiloscyllium plagiosum	0	1	20	1899	1918
17	20	20	40.1	100.000	20	1.3	0	0	100	100	TPA_asm: Temnothorax allardycei mitochondrion sequence	Temnothorax allardycei	0	1	20	2670	2689
17	20	20	40.1	100.000	20	1.3	0	0	100	100	Pieris napi genome assembly, chromosome: 11	Pieris napi	0	1	20	1699658	1699677
17	20	20	40.1	100.000	20	1.3	0	0	100	100	Mycobacteroides chelonae strain Myco1 chromosome	Mycobacteroides chelonae	0	1	20	4349452	4349471
17	20	20	40.1	100.000	20	1.3	0	0	100	100	Aclastus sp. BOLD:ADW1205 voucher CHARS00087-A08 cytochrome oxidase subunit 1 (COI) gene, partial cds; mitochondrial	Aclastus sp. BOLD:ADW1205	0	1	20	612	593
18	20	20	40.1	100.000	20	1.3	0	0	100	100	Synothele sp. OV75 cytochrome oxidase subunit I gene, partial cds; mitochondrial	Synothele sp. OV75	0	1	20	601	582
18	20	20	40.1	100.000	20	1.3	0	0	100	100	Synothele sp. OV74 cytochrome oxidase subunit I gene, partial cds; mitochondrial	Synothele sp. OV74	0	1	20	637	618
18	20	20	40.1	100.000	20	1.3	0	0	100	100	Synothele sp. OV16 cytochrome oxidase subunit I gene, partial cds; mitochondrial	Synothele sp. OV16	0	1	20	637	618
18	20	20	40.1	100.000	20	1.3	0	0	100	100	Synothele sp. OV07 cytochrome oxidase subunit I gene, partial cds; mitochondrial	Synothele sp. OV07	0	1	20	637	618
18	20	20	40.1	100.000	20	1.3	0	0	100	100	Synothele sp. OV03 cytochrome oxidase subunit I gene, partial cds; mitochondrial	Synothele sp. OV03	0	1	20	637	618
18	20	20	40.1	100.000	20	1.3	0	0	100	100	Dermacentor reticulatus mitochondrion, complete genome	Dermacentor reticulatus	0	1	20	1821	1802
18	20	20	40.1	100.000	20	1.3	0	0	100	100	Scrobipalpa arenbergeri voucher TLMF Lep 24911 cytochrome oxidase subunit 1 (COI) gene, partial cds; mitochondrial	Scrobipalpa arenbergeri	0	1	20	629	610
18	20	20	40.1	100.000	20	1.3	0	0	100	100	Scrobipalpa mercantourica voucher TLMF Lep 25314 cytochrome oxidase subunit 1 (COI) gene, partial cds; mitochondrial	Scrobipalpa mercantourica	0	1	20	629	610
18	20	20	40.1	100.000	20	1.3	0	0	100	100	Stenomacrus sp. BOLD:AAF3467 voucher CHARS00120-F03 cytochrome oxidase subunit 1 (COI) gene, partial cds; mitochondrial	Stenomacrus sp. BOLD:AAF3467	0	1	20	618	599
18	20	20	40.1	100.000	20	1.3	0	0	100	100	Orthocentrinae sp. BOLD:AAH1632 voucher CHARS00274-D03 cytochrome oxidase subunit 1 (COI) gene, partial cds; mitochondrial	Orthocentrinae sp. BOLD:AAH1632	0	1	20	625	606
19	20	20	40.1	100.000	20	1.3	0	0	100	100	Halocypris inflata clone S6-A1 cytochrome c oxidase subunit I (COI) gene, partial cds; mitochondrial	Halocypris inflata	0	1	20	44	63
19	20	20	40.1	100.000	20	1.3	0	0	100	100	PREDICTED: Chlamydotis macqueenii cysteinyl-tRNA synthetase (CARS), partial mRNA	Chlamydotis macqueenii	0	1	20	277	296
19	20	20	40.1	100.000	20	1.3	0	0	100	100	TPA_asm: Manica bradleyi mitochondrion sequence	Manica bradleyi	0	1	20	12633	12652
19	20	20	40.1	100.000	20	1.3	0	0	100	100	TPA_asm: Formica moki mitochondrion sequence	Formica moki	0	1	20	14245	14264
19	20	20	40.1	100.000	20	1.3	0	0	100	100	TPA_asm: Temnothorax bernardi mitochondrion sequence	Temnothorax bernardi	0	1	20	3959	3978
19	20	20	40.1	100.000	20	1.3	0	0	100	100	TPA_asm: Sericomyrmex mayri mitochondrion sequence	Sericomyrmex mayri	0	1	20	15688	15707
19	20	20	40.1	100.000	20	1.3	0	0	100	100	TPA_asm: Paraparatrechina glabra mitochondrion sequence	Paraparatrechina glabra	0	1	20	8373	8392
19	20	20	40.1	100.000	20	1.3	0	0	100	100	TPA_asm: Sericomyrmex mayri mitochondrion sequence	Sericomyrmex mayri	0	1	20	15628	15647
19	20	20	40.1	100.000	20	1.3	0	0	100	100	Rhipicephalus pumilio isolate XJRP-3 cytochrome c oxidase subunit I (COI) gene, partial cds; mitochondrial	Rhipicephalus pumilio	0	1	20	128	147
19	20	20	40.1	100.000	20	1.3	0	0	100	100	Rhipicephalus pumilio isolate XJRP-2 cytochrome c oxidase subunit I (COI) gene, partial cds; mitochondrial	Rhipicephalus pumilio	0	1	20	130	149
20	20	20	40.1	100.000	20	1.3	0	0	100	100	Ectatomma ruidum cytochrome oxidase subunit I (COI) gene, partial cds; mitochondrial	Ectatomma tuberculatum;Ectatomma ruidum	0	1	20	5	24
20	20	20	40.1	100.000	20	1.3	0	0	100	100	Rhogogaster chlorosoma genome assembly, organelle: mitochondrion	Rhogogaster chlorosoma	0	1	20	4321	4340
20	20	20	40.1	100.000	20	1.3	0	0	100	100	Thecophora atra genome assembly, chromosome: 1	Thecophora atra	0	1	20	62989561	62989580
20	20	20	40.1	100.000	20	1.3	0	0	100	100	Limnephilus lunatus genome assembly, organelle: mitochondrion	Limnephilus lunatus	0	1	20	4153	4172
20	20	20	40.1	100.000	20	1.3	0	0	100	100	TPA_asm: Cryptopone butteli mitochondrion sequence	Cryptopone butteli	0	1	20	14167	14186
20	20	20	40.1	100.000	20	1.3	0	0	100	100	TPA_asm: Apomyrma sp. CASENT0637364 mitochondrion sequence	Apomyrma sp. CASENT0637364	0	1	20	12769	12788
20	20	20	40.1	100.000	20	1.3	0	0	100	100	TPA_asm: Sericomyrmex parvulus mitochondrion sequence	Sericomyrmex parvulus	0	1	20	15769	15788
20	20	20	40.1	100.000	20	1.3	0	0	100	100	Eocanthecona furcellata isolate B116 cytochrome oxidase subunit I (COI) gene, partial cds; mitochondrial	Eocanthecona furcellata	0	1	20	33	52
20	20	20	40.1	100.000	20	1.3	0	0	100	100	Tautocerus dworakowskae voucher DC68 cytochrome oxidase subunit 1 (COI) gene, partial cds; mitochondrial	Tautocerus dworakowskae	0	1	20	629	610
20	20	20	40.1	100.000	20	1.3	0	0	100	100	Hebius optatum mitochondrion, complete genome	Hebius optatum	0	1	20	6963	6944
21	20	20	40.1	100.000	20	1.3	0	0	100	100	Zele chlorophthalmus mitochondrion, complete genome	Zele chlorophthalmus	0	1	20	13924	13943
21	20	20	40.1	100.000	20	1.3	0	0	100	100	Trypodendron signatum cytochrome oxidase subunit 1 (COI) gene, partial cds; mitochondrial	Trypodendron signatum	0	1	20	9	28
21	20	20	40.1	100.000	20	1.3	0	0	100	100	Erotylidae sp. BMNH 1274391 mitochondrion	Erotylidae sp. BMNH 1274391	0	1	20	14186	14205
21	20	20	40.1	100.000	20	1.3	0	0	100	100	Amblyteles armatorius genome assembly, organelle: mitochondrion	Amblyteles armatorius	0	1	20	4185	4204
21	20	20	40.1	100.000	20	1.3	0	0	100	100	Lasioglossum morio genome assembly, chromosome: 4	Lasioglossum morio	0	1	20	7177933	7177952
21	20	20	40.1	100.000	20	1.3	0	0	100	100	TPA_asm: Sericomyrmex amabilis mitochondrion sequence	Sericomyrmex amabilis	0	1	20	14368	14387
21	20	20	40.1	100.000	20	1.3	0	0	100	100	TPA_asm: Hylomyrma sp. 1 MGB-2017 mitochondrion sequence	Hylomyrma sp. 1 MGB-2017	0	1	20	13453	13472
21	20	20	40.1	100.000	20	1.3	0	0	100	100	TPA_asm: Temnothorax nylanderi mitochondrion sequence	Temnothorax nylanderi	0	1	20	1055	1074
21	20	20	40.1	100.000	20	1.3	0	0	100	100	TPA_asm: Sericomyrmex amabilis mitochondrion sequence	Sericomyrmex amabilis	0	1	20	14454	14473
21	20	20	40.1	100.000	20	1.3	0	0	100	100	TPA_asm: Sericomyrmex amabilis mitochondrion sequence	Sericomyrmex amabilis	0	1	20	14045	14064
22	20	20	40.1	100.000	20	1.3	0	0	100	100	Maiestas sp. 1 PRS-2017 isolate M1 cytochrome oxidase subunit 1 (CO1) gene, partial cds; mitochondrial	Maiestas sp. 1 PRS-2017	0	1	20	10	29
22	20	20	40.1	100.000	20	1.3	0	0	100	100	Leucozona laternaria genome assembly, chromosome: 4	Leucozona laternaria	0	1	20	37389744	37389763
22	16	16	32.2	100.000	16	326	0	0	100	80	Leucozona laternaria genome assembly, chromosome: 4	Leucozona laternaria	0	5	20	23220988	23221003
22	16	16	32.2	100.000	16	326	0	0	100	80	Leucozona laternaria genome assembly, chromosome: 4	Leucozona laternaria	0	3	18	23936301	23936286
22	20	20	40.1	100.000	20	1.3	0	0	100	100	Campoletis chlorideae isolate DELIND01 cytochrome oxidase subunit 1 (COI) gene, partial cds; mitochondrial	Campoletis chlorideae	0	1	20	48	67
22	20	20	40.1	100.000	20	1.3	0	0	100	100	TPA_asm: Tapinolepis sp. MG01 mitochondrion sequence	Tapinolepis sp. MG01	0	1	20	13264	13283
22	20	20	40.1	100.000	20	1.3	0	0	100	100	TPA_asm: Petalomyrmex phylax mitochondrion sequence	Petalomyrmex phylax	0	1	20	13702	13721
22	20	20	40.1	100.000	20	1.3	0	0	100	100	TPA_asm: Goniomma blanci mitochondrion sequence	Goniomma blanci	0	1	20	7353	7372
22	20	20	40.1	100.000	20	1.3	0	0	100	100	TPA_asm: Diacamma rugosum mitochondrion sequence	Diacamma rugosum	0	1	20	12861	12880
22	20	20	40.1	100.000	20	1.3	0	0	100	100	Daktulosphaira vitifoliae clone Xi'an cytochrome oxidase subunit I (COI) gene, partial cds; mitochondrial	Daktulosphaira vitifoliae	0	1	20	596	615
22	20	20	40.1	100.000	20	1.3	0	0	100	100	Daktulosphaira vitifoliae clone Shanghai cytochrome oxidase subunit I (COI) gene, partial cds; mitochondrial	Daktulosphaira vitifoliae	0	1	20	596	615
22	20	20	40.1	100.000	20	1.3	0	0	100	100	Daktulosphaira vitifoliae clone Huaihua cytochrome oxidase subunit I (COI) gene, partial cds; mitochondrial	Daktulosphaira vitifoliae	0	1	20	596	615
23	20	20	40.1	100.000	20	1.3	0	0	100	100	Rosopaella napais voucher DC95 cytochrome oxidase subunit 1 (COI) gene, partial cds; mitochondrial	Rosopaella napais	0	1	20	629	610
23	20	20	40.1	100.000	20	1.3	0	0	100	100	Arge aurora mitochondrion, complete genome	Arge aurora	0	1	20	2480	2461
23	20	20	40.1	100.000	20	1.3	0	0	100	100	Phygadeuon trichops voucher BIOUG45405-C01 cytochrome oxidase subunit 1 (COI) gene, partial cds; mitochondrial	Phygadeuon trichops	0	1	20	626	607
23	20	20	40.1	100.000	20	1.3	0	0	100	100	Cecidomyiidae sp. BOLD:AAU6572 voucher CHARS00243-H08 cytochrome oxidase subunit 1 (COI) gene, partial cds; mitochondrial	Cecidomyiidae sp. BOLD:AAU6572	0	1	20	612	593
23	20	20	40.1	100.000	20	1.3	0	0	100	100	Phygadeuon trichops voucher CHARS00142-E12 cytochrome oxidase subunit 1 (COI) gene, partial cds; mitochondrial	Phygadeuon trichops	0	1	20	625	606
23	20	20	40.1	100.000	20	1.3	0	0	100	100	Orthocentrus sp. BOLD:AAF0572 voucher CHARS00259-H08 cytochrome oxidase subunit 1 (COI) gene, partial cds; mitochondrial	Orthocentrus sp. BOLD:AAF0572	0	1	20	627	608
23	20	20	40.1	100.000	20	1.3	0	0	100	100	Ichneumonidae sp. BOLD:ACZ3577 voucher CHARS00180-A01 cytochrome oxidase subunit 1 (COI) gene, partial cds; mitochondrial	Ichneumonidae sp. BOLD:ACZ3577	0	1	20	625	606
23	20	20	40.1	100.000	20	1.3	0	0	100	100	Phygadeuon trichops voucher CHARS00128-D01 cytochrome oxidase subunit 1 (COI) gene, partial cds; mitochondrial	Phygadeuon trichops	0	1	20	627	608
23	20	20	40.1	100.000	20	1.3	0	0	100	100	Phygadeuon trichops voucher CHARS00076-D03 cytochrome oxidase subunit 1 (COI) gene, partial cds; mitochondrial	Phygadeuon trichops	0	1	20	626	607
23	20	20	40.1	100.000	20	1.3	0	0	100	100	Cryptinae sp. BOLD:AAH1596 voucher CHARS00040-H09 cytochrome oxidase subunit 1 (COI) gene, partial cds; mitochondrial	Cryptinae sp. BOLD:AAH1596	0	1	20	625	606
