0	26	26	52.0	100.000	26	8.78e-04	0	0	100	100	Lyperosomum longicauda isolate PakDv2 mitochondrion, complete genome	Lyperosomum longicauda	0	1	26	7615	7590
0	26	26	52.0	100.000	26	8.78e-04	0	0	100	100	Fasciola hepatica isolate FhAT31 cytochrome c oxidase subunit I (COI) gene, partial cds; mitochondrial	Fasciola hepatica	0	1	26	27	2
0	26	26	52.0	100.000	26	8.78e-04	0	0	100	100	Fasciola hepatica isolate FhAT30 cytochrome c oxidase subunit I (COI) gene, partial cds; mitochondrial	Fasciola hepatica	0	1	26	27	2
0	26	26	52.0	100.000	26	8.78e-04	0	0	100	100	Fasciola hepatica isolate FhAT29 cytochrome c oxidase subunit I (COI) gene, partial cds; mitochondrial	Fasciola hepatica	0	1	26	27	2
0	26	26	52.0	100.000	26	8.78e-04	0	0	100	100	Fasciola hepatica isolate FhAT28 cytochrome c oxidase subunit I (COI) gene, partial cds; mitochondrial	Fasciola hepatica	0	1	26	27	2
0	26	26	52.0	100.000	26	8.78e-04	0	0	100	100	Fasciola hepatica isolate FhAT27 cytochrome c oxidase subunit I (COI) gene, partial cds; mitochondrial	Fasciola hepatica	0	1	26	27	2
0	26	26	52.0	100.000	26	8.78e-04	0	0	100	100	Fasciola hepatica isolate FhAT26 cytochrome c oxidase subunit I (COI) gene, partial cds; mitochondrial	Fasciola hepatica	0	1	26	27	2
0	26	26	52.0	100.000	26	8.78e-04	0	0	100	100	Fasciola hepatica isolate FhAT25 cytochrome c oxidase subunit I (COI) gene, partial cds; mitochondrial	Fasciola hepatica	0	1	26	27	2
0	26	26	52.0	100.000	26	8.78e-04	0	0	100	100	Fasciola hepatica isolate FhAT24 cytochrome c oxidase subunit I (COI) gene, partial cds; mitochondrial	Fasciola hepatica	0	1	26	27	2
0	26	26	52.0	100.000	26	8.78e-04	0	0	100	100	Fasciola hepatica isolate FhAT23 cytochrome c oxidase subunit I (COI) gene, partial cds; mitochondrial	Fasciola hepatica	0	1	26	27	2
1	26	26	52.0	100.000	26	8.78e-04	0	0	100	100	Neoseiulus reductus voucher BoBP2 cytochrome c oxidase subunit I (COX1) gene, partial cds; mitochondrial	Neoseiulus reductus	0	1	26	493	468
1	26	26	52.0	100.000	26	8.78e-04	0	0	100	100	Cerviniella sp. K124DZMB cytochrome oxidase subunit I (COI) gene, partial cds; mitochondrial	Cerviniella sp. K124DZMB	0	1	26	685	660
1	26	26	52.0	100.000	26	8.78e-04	0	0	100	100	Pediculus humanus capitis isolate KK610 cytochrome c oxidase subunit I (COX1) gene, partial cds; mitochondrial	Pediculus humanus capitis	0	1	26	365	340
1	26	26	52.0	100.000	26	8.78e-04	0	0	100	100	Pediculus humanus capitis isolate KK609 cytochrome c oxidase subunit I (COX1) gene, partial cds; mitochondrial	Pediculus humanus capitis	0	1	26	365	340
1	26	26	52.0	100.000	26	8.78e-04	0	0	100	100	Pediculus humanus capitis isolate KK606 cytochrome c oxidase subunit I (COX1) gene, partial cds; mitochondrial	Pediculus humanus capitis	0	1	26	365	340
1	26	26	52.0	100.000	26	8.78e-04	0	0	100	100	Pediculus humanus capitis isolate KK604 cytochrome c oxidase subunit I (COX1) gene, partial cds; mitochondrial	Pediculus humanus capitis	0	1	26	365	340
1	26	26	52.0	100.000	26	8.78e-04	0	0	100	100	Pediculus humanus capitis isolate KK507 cytochrome c oxidase subunit I (COX1) gene, partial cds; mitochondrial	Pediculus humanus capitis	0	1	26	365	340
1	26	26	52.0	100.000	26	8.78e-04	0	0	100	100	Pediculus humanus capitis isolate KK506 cytochrome c oxidase subunit I (COX1) gene, partial cds; mitochondrial	Pediculus humanus capitis	0	1	26	365	340
1	26	26	52.0	100.000	26	8.78e-04	0	0	100	100	Pediculus humanus capitis isolate KK505 cytochrome c oxidase subunit I (COX1) gene, partial cds; mitochondrial	Pediculus humanus capitis	0	1	26	365	340
1	26	26	52.0	100.000	26	8.78e-04	0	0	100	100	Pediculus humanus capitis isolate KK503 cytochrome c oxidase subunit I (COX1) gene, partial cds; mitochondrial	Pediculus humanus capitis	0	1	26	365	340
2	26	26	52.0	100.000	26	8.78e-04	0	0	100	100	Microbulbifer sp. THAF38 chromosome, complete genome	Microbulbifer sp. THAF38	0	1	26	54367	54342
2	26	26	52.0	100.000	26	8.78e-04	0	0	100	100	Sicarius peruensis isolate Sic521 cytochrome c oxidase subunit I gene, partial cds; mitochondrial	Sicarius peruensis	0	1	26	392	367
2	26	26	52.0	100.000	26	8.78e-04	0	0	100	100	Phreagena soyoae mitochondrial DNA, partial sequence	Phreagena soyoae	0	1	26	2518	2493
2	26	26	52.0	100.000	26	8.78e-04	0	0	100	100	Phreagena kilmeri mitochondrial DNA, partial sequence	Phreagena kilmeri	0	1	26	2518	2493
2	26	26	52.0	100.000	26	8.78e-04	0	0	100	100	Sarcocystis dehongensis isolate YDWBSD2 cytochrome c oxidase subunit I gene, partial cds; mitochondrial	Sarcocystis dehongensis	0	1	26	722	697
2	26	26	52.0	100.000	26	8.78e-04	0	0	100	100	Sarcocystis dehongensis isolate YDWBSD1 cytochrome c oxidase subunit I gene, partial cds; mitochondrial	Sarcocystis dehongensis	0	1	26	722	697
2	26	26	52.0	100.000	26	8.78e-04	0	0	100	100	Phreagena okutanii mitochondrial DNA, partial sequence	Phreagena okutanii	0	1	26	5908	5883
2	26	26	52.0	100.000	26	8.78e-04	0	0	100	100	Schizoglossa novoseelandica isolate F193252 cytochrome oxidase subunit I (COI) gene, partial cds; mitochondrial	Schizoglossa novoseelandica	0	1	26	662	637
2	26	26	52.0	100.000	26	8.78e-04	0	0	100	100	Calisoga cf. theveneti DHL-2015 isolate MY1678 cytochrome oxidase subunit I (COI) gene, partial cds; mitochondrial	Calisoga cf. theveneti DHL-2015	0	1	26	686	661
2	26	26	52.0	100.000	26	8.78e-04	0	0	100	100	Calisoga cf. theveneti DHL-2015 isolate MY1677 cytochrome oxidase subunit I (COI) gene, partial cds; mitochondrial	Calisoga cf. theveneti DHL-2015	0	1	26	686	661
3	26	26	52.0	100.000	26	8.78e-04	0	0	100	100	Hipposideros pomona isolate MM4402M42 cytochrome oxidase subunit 1 (COX1) gene, complete cds; mitochondrial	Hipposideros pomona	0	1	26	731	706
3	26	26	52.0	100.000	26	8.78e-04	0	0	100	100	Hipposideros pomona isolate MM4391M31 cytochrome oxidase subunit 1 (COX1) gene, complete cds; mitochondrial	Hipposideros pomona	0	1	26	731	706
3	26	26	52.0	100.000	26	8.78e-04	0	0	100	100	Hipposideros pomona isolate MM4385M25 cytochrome oxidase subunit 1 (COX1) gene, complete cds; mitochondrial	Hipposideros pomona	0	1	26	731	706
3	26	26	52.0	100.000	26	8.78e-04	0	0	100	100	Hipposideros pomona isolate MM4379M19 cytochrome oxidase subunit 1 (COX1) gene, complete cds; mitochondrial	Hipposideros pomona	0	1	26	731	706
3	26	26	52.0	100.000	26	8.78e-04	0	0	100	100	Cf. Pseudicyema truncatum EM-2019 isolate SOIT2_CO cytochrome c oxidase subunit I gene, partial cds; mitochondrial	cf. Pseudicyema truncatum EM-2019	0	1	26	317	292
3	26	26	52.0	100.000	26	8.78e-04	0	0	100	100	Cf. Pseudicyema truncatum EM-2019 isolate SOIT3_CO cytochrome c oxidase subunit I gene, partial cds; mitochondrial	cf. Pseudicyema truncatum EM-2019	0	1	26	305	280
3	26	26	52.0	100.000	26	8.78e-04	0	0	100	100	Cf. Pseudicyema truncatum EM-2019 isolate SOIT4_CO cytochrome c oxidase subunit I gene, partial cds; mitochondrial	cf. Pseudicyema truncatum EM-2019	0	1	26	332	307
3	26	26	52.0	100.000	26	8.78e-04	0	0	100	100	Echinostoma hortense mitochondrion, complete genome	Echinostoma hortense	0	1	26	7614	7589
3	26	26	52.0	100.000	26	8.78e-04	0	0	100	100	Sicarius peruensis isolate Sic522 cytochrome c oxidase subunit I gene, partial cds; mitochondrial	Sicarius peruensis	0	1	26	392	367
3	26	26	52.0	100.000	26	8.78e-04	0	0	100	100	Sicarius peruensis isolate Sic506 cytochrome c oxidase subunit I gene, partial cds; mitochondrial	Sicarius peruensis	0	1	26	392	367
4	26	26	52.0	100.000	26	8.78e-04	0	0	100	100	Fischoederius elongatus mitochondrion, complete genome	Fischoederius elongatus	0	1	26	7924	7899
4	26	26	52.0	100.000	26	8.78e-04	0	0	100	100	Pseudoacanthocephalus toshimai Rp356 mitochondrial COX1 gene for cytochrome c oxidase subunit 1, partial cds	Pseudoacanthocephalus toshimai	0	1	26	506	481
4	26	26	52.0	100.000	26	8.78e-04	0	0	100	100	Pseudoacanthocephalus toshimai Pt4 mitochondrial COX1 gene for cytochrome c oxidase subunit 1, partial cds	Pseudoacanthocephalus toshimai	0	1	26	506	481
4	26	26	52.0	100.000	26	8.78e-04	0	0	100	100	Pseudoacanthocephalus toshimai Pt3 mitochondrial COX1 gene for cytochrome c oxidase subunit 1, partial cds	Pseudoacanthocephalus toshimai	0	1	26	506	481
4	26	26	52.0	100.000	26	8.78e-04	0	0	100	100	Pseudoacanthocephalus toshimai Pt8 mitochondrial COX1 gene for cytochrome c oxidase subunit 1, partial cds	Pseudoacanthocephalus toshimai	0	1	26	506	481
4	26	26	52.0	100.000	26	8.78e-04	0	0	100	100	Pseudoacanthocephalus toshimai Pt2 mitochondrial COX1 gene for cytochrome c oxidase subunit 1, partial cds	Pseudoacanthocephalus toshimai	0	1	26	506	481
4	26	26	52.0	100.000	26	8.78e-04	0	0	100	100	Pseudoacanthocephalus toshimai L102 mitochondrial COX1 gene for cytochrome c oxidase subunit 1, partial cds	Pseudoacanthocephalus toshimai	0	1	26	506	481
4	26	26	52.0	100.000	26	8.78e-04	0	0	100	100	Pseudoacanthocephalus toshimai L101 mitochondrial COX1 gene for cytochrome c oxidase subunit 1, partial cds	Pseudoacanthocephalus toshimai	0	1	26	506	481
4	26	26	52.0	100.000	26	8.78e-04	0	0	100	100	Calyptogena marissinica mitochondrion, complete genome	Archivesica marissinica	0	1	26	959	934
4	26	26	52.0	100.000	26	8.78e-04	0	0	100	100	Metanonychus mechanicus cytochrome oxidase subunit I (COI) gene, partial cds; mitochondrial	Metanonychus mechanicus	0	1	26	626	601
5	26	26	52.0	100.000	26	8.78e-04	0	0	100	100	Paravaejovis waeringi voucher MRG0701 cytochrome oxidase subunit 1 (COI) gene, partial cds; mitochondrial	Paravaejovis waeringi	0	1	26	628	603
5	26	26	52.0	100.000	26	8.78e-04	0	0	100	100	Paravaejovis waeringi voucher MRG0700 cytochrome oxidase subunit 1 (COI) gene, partial cds; mitochondrial	Paravaejovis waeringi	0	1	26	628	603
5	26	26	52.0	100.000	26	8.78e-04	0	0	100	100	Paravaejovis waeringi voucher MRG0651 cytochrome oxidase subunit 1 (COI) gene, partial cds; mitochondrial	Paravaejovis waeringi	0	1	26	628	603
5	26	26	52.0	100.000	26	8.78e-04	0	0	100	100	Paravaejovis waeringi voucher MRG0636 cytochrome oxidase subunit 1 (COI) gene, partial cds; mitochondrial	Paravaejovis waeringi	0	1	26	628	603
5	26	26	52.0	100.000	26	8.78e-04	0	0	100	100	Paravaejovis waeringi voucher MRG1740 cytochrome oxidase subunit 1 (COI) gene, partial cds; mitochondrial	Paravaejovis waeringi	0	1	26	628	603
5	26	26	52.0	100.000	26	8.78e-04	0	0	100	100	Selenops abyssus isolate sel_1012 cytochrome oxidase subunit I (COI) gene, partial cds; mitochondrial	Selenops abyssus	0	1	26	626	601
5	26	26	52.0	100.000	26	8.78e-04	0	0	100	100	Selenops abyssus isolate sel_1006 cytochrome oxidase subunit I (COI) gene, partial cds; mitochondrial	Selenops abyssus	0	1	26	626	601
5	26	26	52.0	100.000	26	8.78e-04	0	0	100	100	Caligus rogercresseyi isolate FCH chromosome 14	Caligus rogercresseyi	0	1	26	10366335	10366310
5	26	26	52.0	100.000	26	8.78e-04	0	0	100	100	Grandidierella fasciata Gfasmt mitochondrial DNA, complete genome	Grandidierella fasciata	0	1	26	728	703
5	26	26	52.0	100.000	26	8.78e-04	0	0	100	100	Nonnullidens sp. 22 CSC-2019 voucher NO7_PAP9_1 cytochrome oxidase subunit 1 (COI) gene, partial cds; mitochondrial	Nonnullidens sp. 22 CSC-2019	0	1	26	455	430
6	26	26	52.0	100.000	26	8.78e-04	0	0	100	100	Aquiluna borgnonia strain 15G-AUS-rot chromosome, complete genome	Aquiluna borgnonia	0	1	26	791032	791057
6	26	26	52.0	100.000	26	8.78e-04	0	0	100	100	Pseudoalteromonas atlantica T6c, complete genome	Pseudoalteromonas atlantica T6c	0	1	26	5107942	5107967
6	26	26	52.0	100.000	26	8.78e-04	0	0	100	100	Pseudoacanthocephalus toshimai mitochondrial COX1 gene for cytochrome c oxidase subunit 1, partial cds, sample code: 21/Rp/Furano	Pseudoacanthocephalus toshimai	0	1	26	506	481
6	26	26	52.0	100.000	26	8.78e-04	0	0	100	100	Onychalges pachyspathus voucher UMMZ BMOC 10-0503-003 AD1419 cytochrome oxidase subunit I (COX1) gene, partial cds; mitochondrial	Onychalges pachyspathus	0	1	26	688	663
6	26	26	52.0	100.000	26	8.78e-04	0	0	100	100	Calisoga cf. theveneti DHL-2015 isolate MY1674 cytochrome oxidase subunit I (COI) gene, partial cds; mitochondrial	Calisoga cf. theveneti DHL-2015	0	1	26	674	649
6	26	26	52.0	100.000	26	8.78e-04	0	0	100	100	Calisoga cf. theveneti DHL-2015 isolate MY1673 cytochrome oxidase subunit I (COI) gene, partial cds; mitochondrial	Calisoga cf. theveneti DHL-2015	0	1	26	674	649
6	26	26	52.0	100.000	26	8.78e-04	0	0	100	100	Regalecus glesne mitochondrial DNA, complete genome	Regalecus glesne	0	1	26	6986	6961
6	26	26	52.0	100.000	26	8.78e-04	0	0	100	100	Rhinebothroides sp. MZUSP 8017 mitochondrion, complete genome	Rhinebothroides sp. MZUSP 8017	0	1	26	734	709
6	26	26	52.0	100.000	26	8.78e-04	0	0	100	100	Pseudoacanthocephalus toshimai CI284P1 mitochondrial COX1 gene for cytochrome c oxidase subunit 1, partial cds	Pseudoacanthocephalus toshimai	0	1	26	506	481
6	26	26	52.0	100.000	26	8.78e-04	0	0	100	100	Pseudoacanthocephalus toshimai Ro034P1 mitochondrial COX1 gene for cytochrome c oxidase subunit 1, partial cds	Pseudoacanthocephalus toshimai	0	1	26	506	481
7	26	26	52.0	100.000	26	8.78e-04	0	0	100	100	Yanocephalus yanonis mitochondrion, complete genome	Yanocephalus yanonis	0	1	26	2142	2117
7	26	26	52.0	100.000	26	8.78e-04	0	0	100	100	Trochilodectes buconvexus voucher UMMZ BMOC 08-0515-515 AD1138 cytochrome oxidase subunit I (COX1) gene, partial cds; mitochondrial	Trochilodectes buconvexus	0	1	26	688	663
7	26	26	52.0	100.000	26	8.78e-04	0	0	100	100	Maculaura aquilonia isolate OR_C10_E3A3 cytochrome c oxidase subunit I (COI) gene, partial cds; mitochondrial	Maculaura aquilonia	0	1	26	682	657
7	26	26	52.0	100.000	26	8.78e-04	0	0	100	100	Maculaura aquilonia isolate AK_J3_J22 cytochrome c oxidase subunit I (COI) gene, partial cds; mitochondrial	Maculaura aquilonia	0	1	26	672	647
7	26	26	52.0	100.000	26	8.78e-04	0	0	100	100	Maculaura aquilonia isolate AK_J2_J10 cytochrome c oxidase subunit I (COI) gene, partial cds; mitochondrial	Maculaura aquilonia	0	1	26	682	657
7	26	26	52.0	100.000	26	8.78e-04	0	0	100	100	Maculaura aquilonia isolate AK_J1_J5 cytochrome c oxidase subunit I (COI) gene, partial cds; mitochondrial	Maculaura aquilonia	0	1	26	684	659
7	26	26	52.0	100.000	26	8.78e-04	0	0	100	100	Maculaura aquilonia isolate AK_J1_E4C2 cytochrome c oxidase subunit I (COI) gene, partial cds; mitochondrial	Maculaura aquilonia	0	1	26	682	657
7	26	26	52.0	100.000	26	8.78e-04	0	0	100	100	Maculaura aquilonia isolate AK_J1_E4B9 cytochrome c oxidase subunit I (COI) gene, partial cds; mitochondrial	Maculaura aquilonia	0	1	26	652	627
7	26	26	52.0	100.000	26	8.78e-04	0	0	100	100	Maculaura aquilonia isolate AK_J1_E4B8 cytochrome c oxidase subunit I (COI) gene, partial cds; mitochondrial	Maculaura aquilonia	0	1	26	682	657
7	26	26	52.0	100.000	26	8.78e-04	0	0	100	100	Maculaura aquilonia isolate AK_J1_E4B7 cytochrome c oxidase subunit I (COI) gene, partial cds; mitochondrial	Maculaura aquilonia	0	1	26	682	657
8	26	26	52.0	100.000	26	8.78e-04	0	0	100	100	Eubostrichus dianeae mitochondrial COI gene for cytochrome oxidase subunit 1, isolate Eubostrichus dianeae BER649/2349H	Eubostrichus dianeae	0	1	26	713	688
8	26	26	52.0	100.000	26	8.78e-04	0	0	100	100	Pratylenchus sp. 2 TSH-2019 isolate N10053 cytochrome oxidase subunit 1 (cox1) gene, partial cds; mitochondrial	N/A	0	1	26	336	311
8	26	26	52.0	100.000	26	8.78e-04	0	0	100	100	Sicarius thomisoides isolate Sic549 cytochrome c oxidase subunit I gene, partial cds; mitochondrial	Sicarius thomisoides	0	1	26	392	367
8	26	26	52.0	100.000	26	8.78e-04	0	0	100	100	Hexophthalma goanikontesensis isolate Sic578 cytochrome c oxidase subunit I gene, partial cds; mitochondrial	Hexophthalma goanikontesensis	0	1	26	392	367
8	26	26	52.0	100.000	26	8.78e-04	0	0	100	100	Hexophthalma goanikontesensis isolate Sic577 cytochrome c oxidase subunit I gene, partial cds; mitochondrial	Hexophthalma goanikontesensis	0	1	26	392	367
8	26	26	52.0	100.000	26	8.78e-04	0	0	100	100	Telaprocera maudae voucher 170_T85257 cytochrome c oxidase subunit 1 (COI) gene, partial cds; mitochondrial	Telaprocera maudae	0	1	26	684	659
8	26	26	52.0	100.000	26	8.78e-04	0	0	100	100	Acanthotaenia shipleyi isolate VNH085a cytochrome c oxidase subunit 1 (cox1) gene, partial cds; mitochondrial	Acanthotaenia shipleyi	0	1	26	716	691
8	26	26	52.0	100.000	26	8.78e-04	0	0	100	100	Acanthotaenia shipleyi isolate VNH084b cytochrome c oxidase subunit 1 (cox1) gene, partial cds; mitochondrial	Acanthotaenia shipleyi	0	1	26	716	691
8	26	26	52.0	100.000	26	8.78e-04	0	0	100	100	Acanthotaenia shipleyi isolate VNH072 cytochrome c oxidase subunit 1 (cox1) gene, partial cds; mitochondrial	Acanthotaenia shipleyi	0	1	26	716	691
8	26	26	52.0	100.000	26	8.78e-04	0	0	100	100	Wenyonia minuta isolate X28 Cytochrome c oxidase subunit I gene, partial cds; mitochondrial	Wenyonia minuta	0	1	26	661	636
9	26	26	52.0	100.000	26	8.78e-04	0	0	100	100	Heligmosomoides vandegrifti isolate 7090M1 cytochrome c oxidase subunit I (COX1) gene, partial cds; mitochondrial	Heligmosomoides vandegrifti	0	1	26	695	670
9	26	26	52.0	100.000	26	8.78e-04	0	0	100	100	Heligmosomoides vandegrifti isolate 7053F1 cytochrome c oxidase subunit I (COX1) gene, partial cds; mitochondrial	Heligmosomoides vandegrifti	0	1	26	694	669
9	26	26	52.0	100.000	26	8.78e-04	0	0	100	100	Metanonychus mazamus cytochrome oxidase subunit I (COI) gene, partial cds; mitochondrial	Metanonychus mazamus	0	1	26	650	625
9	26	26	52.0	100.000	26	8.78e-04	0	0	100	100	Metanonychus mazamus cytochrome oxidase subunit I (COI) gene, partial cds; mitochondrial	Metanonychus mazamus	0	1	26	650	625
9	26	26	52.0	100.000	26	8.78e-04	0	0	100	100	Leptastacus sp. n. aff. macronyx 1 SR-2019 voucher SR_656 cytochrome oxidase subunit 1 (COI) gene, partial cds; mitochondrial	Leptastacus sp. n. aff. macronyx 1 SR-2019	0	1	26	706	681
9	26	26	52.0	100.000	26	8.78e-04	0	0	100	100	Cyrtognatha sp. 4 KC-2018 voucher 00004206A cytochrome c oxidase I (COI) gene, partial cds; mitochondrial	Cyrtognatha sp. 4 KC-2018	0	1	26	646	621
9	26	26	52.0	100.000	26	8.78e-04	0	0	100	100	Cyrtognatha sp. 4 KC-2018 voucher 00003042A cytochrome c oxidase I (COI) gene, partial cds; mitochondrial	Cyrtognatha sp. 4 KC-2018	0	1	26	620	595
9	26	26	52.0	100.000	26	8.78e-04	0	0	100	100	Nesticella aelleni isolate 200 cytochrome oxidase subunit 1 (COI) gene, partial cds; mitochondrial	Nesticella aelleni	0	1	26	659	634
9	26	26	52.0	100.000	26	8.78e-04	0	0	100	100	Inermocoelotes jurinitschi isolate ZZ405 cytochrome oxidase subunit I (COI) gene, partial cds; mitochondrial	Inermocoelotes jurinitschi	0	1	26	656	631
9	26	26	52.0	100.000	26	8.78e-04	0	0	100	100	Artema atlanta isolate ARAMA000130 cytchrome oxidase subunit I (COI) gene, partial cds; mitochondrial	Artema atlanta	0	1	26	684	659
10	26	26	52.0	100.000	26	8.78e-04	0	0	100	100	Lotharella oceanica strain CCMP622 mitochondrion, complete genome	Lotharella oceanica	0	1	26	33490	33515
10	26	26	52.0	100.000	26	8.78e-04	0	0	100	100	Mycale acerata isolate Myc_HH71 cytochrome c oxidase subunit I (COX1) gene, partial cds; mitochondrial	Mycale acerata	0	1	26	467	442
10	26	26	52.0	100.000	26	8.78e-04	0	0	100	100	Mycale acerata isolate Myc_HH127 cytochrome c oxidase subunit I (COX1) gene, partial cds; mitochondrial	Mycale acerata	0	1	26	467	442
10	26	26	52.0	100.000	26	8.78e-04	0	0	100	100	Mycale acerata isolate Myc_HH274 cytochrome c oxidase subunit I (COX1) gene, partial cds; mitochondrial	Mycale acerata	0	1	26	467	442
10	26	26	52.0	100.000	26	8.78e-04	0	0	100	100	Mycale acerata isolate Myc_HH164 cytochrome c oxidase subunit I (COX1) gene, partial cds; mitochondrial	Mycale acerata	0	1	26	467	442
10	26	26	52.0	100.000	26	8.78e-04	0	0	100	100	Mycale acerata isolate Myc_HH122 cytochrome c oxidase subunit I (COX1) gene, partial cds; mitochondrial	Mycale acerata	0	1	26	467	442
10	26	26	52.0	100.000	26	8.78e-04	0	0	100	100	Mycale acerata isolate Myc_SS.4 cytochrome c oxidase subunit I (COX1) gene, partial cds; mitochondrial	Mycale acerata	0	1	26	467	442
10	26	26	52.0	100.000	26	8.78e-04	0	0	100	100	Mycale acerata isolate Myc_SS.3 cytochrome c oxidase subunit I (COX1) gene, partial cds; mitochondrial	Mycale acerata	0	1	26	467	442
10	26	26	52.0	100.000	26	8.78e-04	0	0	100	100	Mycale acerata isolate Myc_SS.2 cytochrome c oxidase subunit I (COX1) gene, partial cds; mitochondrial	Mycale acerata	0	1	26	467	442
10	26	26	52.0	100.000	26	8.78e-04	0	0	100	100	Mycale acerata isolate Myc_SO.10 cytochrome c oxidase subunit I (COX1) gene, partial cds; mitochondrial	Mycale acerata	0	1	26	467	442
11	26	26	52.0	100.000	26	8.78e-04	0	0	100	100	Pullosquilla thomassini isolate LI15021 cytochrome oxidase subunit 1 (CO1) gene, partial cds; mitochondrial	Pullosquilla thomassini	0	1	26	705	680
11	26	26	52.0	100.000	26	8.78e-04	0	0	100	100	Pullosquilla thomassini isolate LI15020 cytochrome oxidase subunit 1 (CO1) gene, partial cds; mitochondrial	Pullosquilla thomassini	0	1	26	705	680
11	26	26	52.0	100.000	26	8.78e-04	0	0	100	100	Pullosquilla thomassini isolate LI13_L2 cytochrome oxidase subunit 1 (CO1) gene, partial cds; mitochondrial	Pullosquilla thomassini	0	1	26	705	680
11	26	26	52.0	100.000	26	8.78e-04	0	0	100	100	Pullosquilla thomassini isolate 2HS4_11 cytochrome oxidase subunit I (CO1) gene, partial cds; mitochondrial	Pullosquilla thomassini	0	1	26	705	680
11	26	26	52.0	100.000	26	8.78e-04	0	0	100	100	Pullosquilla thomassini isolate PuTh6 cytochrome oxidase subunit 1 (COX1) gene, partial cds; mitochondrial	Pullosquilla thomassini	0	1	26	705	680
11	26	26	52.0	100.000	26	8.78e-04	0	0	100	100	Pullosquilla thomassini isolate PuTh4 cytochrome oxidase subunit 1 (COX1) gene, partial cds; mitochondrial	Pullosquilla thomassini	0	1	26	705	680
11	26	26	52.0	100.000	26	8.78e-04	0	0	100	100	Pullosquilla thomassini isolate PuTh3 cytochrome oxidase subunit 1 (COX1) gene, partial cds; mitochondrial	Pullosquilla thomassini	0	1	26	705	680
11	26	26	52.0	100.000	26	8.78e-04	0	0	100	100	Pullosquilla thomassini isolate PuTh1 cytochrome oxidase subunit 1 (COX1) gene, partial cds; mitochondrial	Pullosquilla thomassini	0	1	26	705	680
11	26	26	52.0	100.000	26	8.78e-04	0	0	100	100	Leptonetela penevi voucher W183 cytochrome c oxidase subunit I (COX1) gene, partial cds; mitochondrial	Leptonetela penevi	0	1	26	446	421
11	26	26	52.0	100.000	26	8.78e-04	0	0	100	100	Leptonetela paragamiani voucher W178 cytochrome c oxidase subunit I (COX1) gene, partial cds; mitochondrial	Leptonetela paragamiani	0	1	26	446	421
12	26	26	52.0	100.000	26	8.78e-04	0	0	100	100	Spirometra cf. decipiens JB-2020 isolate US_401 cytochrome c oxidase subunit I (COX1) gene, partial cds; mitochondrial	Spirometra cf. decipiens JB-2020	0	1	26	731	706
12	26	26	52.0	100.000	26	8.78e-04	0	0	100	100	Mizuhopecten yessoensis isolate SCH2019_BIVALVE_COI_042 cytochrome oxidase subunit I gene, partial cds; mitochondrial	Mizuhopecten yessoensis	0	1	26	438	413
12	26	26	52.0	100.000	26	8.78e-04	0	0	100	100	Mizuhopecten yessoensis isolate SCH2019_BIVALVE_COI_028 cytochrome oxidase subunit I gene, partial cds; mitochondrial	Mizuhopecten yessoensis	0	1	26	439	414
12	26	26	52.0	100.000	26	8.78e-04	0	0	100	100	Mizuhopecten yessoensis isolate SCH2019_BIVALVE_COI_023 cytochrome oxidase subunit I gene, partial cds; mitochondrial	Mizuhopecten yessoensis	0	1	26	438	413
12	26	26	52.0	100.000	26	8.78e-04	0	0	100	100	Khawia sinensis mitochondrion, complete genome	Khawia sinensis	0	1	26	7367	7342
12	26	26	52.0	100.000	26	8.78e-04	0	0	100	100	Lyonsia norwegica voucher L_norwegica_29Jun15 mitochondrion, complete genome	Lyonsia norwegica	0	1	26	737	712
12	26	26	52.0	100.000	26	8.78e-04	0	0	100	100	Cylicocyclus nassatus mitochondrion, complete genome	Cylicocyclus nassatus	0	1	26	752	727
12	26	26	52.0	100.000	26	8.78e-04	0	0	100	100	Bothriocephalus sp. n. PBI_525 cytochrome c oxidase subunit I (coxI) gene, partial cds; mitochondrial	Bothriocephalus sp. n. PBI_525	0	1	26	53	28
12	26	26	52.0	100.000	26	8.78e-04	0	0	100	100	Crella elegans mitochondrion, complete genome	Crella elegans	0	1	26	10580	10555
12	26	26	52.0	100.000	26	8.78e-04	0	0	100	100	Calisoga sp. Y DHL-215 isolate MY4597 cytochrome oxidase subunit I (COI) gene, partial cds; mitochondrial	Calisoga sp. Y DHL-215	0	1	26	653	628
13	26	26	52.0	100.000	26	8.78e-04	0	0	100	100	Ocinebrellus inornatus mitochondrion, complete genome	Ocinebrellus inornatus	0	1	26	722	697
13	26	26	52.0	100.000	26	8.78e-04	0	0	100	100	Ocinebrellus inornatus mitochondrion, complete genome	Ocinebrellus inornatus	0	1	26	722	697
13	26	26	52.0	100.000	26	8.78e-04	0	0	100	100	Globodera tabacum isolate CD2699 cytochrome c oxidase subunit I (COI) gene, partial cds; mitochondrial	Globodera tabacum	0	1	26	50	25
13	26	26	52.0	100.000	26	8.78e-04	0	0	100	100	Globodera tabacum isolate CD2691a cytochrome c oxidase subunit I (COI) gene, partial cds; mitochondrial	Globodera tabacum	0	1	26	50	25
13	26	26	52.0	100.000	26	8.78e-04	0	0	100	100	Globodera tabacum isolate CD2690b cytochrome c oxidase subunit I (COI) gene, partial cds; mitochondrial	Globodera tabacum	0	1	26	50	25
13	26	26	52.0	100.000	26	8.78e-04	0	0	100	100	Globodera tabacum isolate CD2203b cytochrome c oxidase subunit I (COI) gene, partial cds; mitochondrial	Globodera tabacum	0	1	26	50	25
13	26	26	52.0	100.000	26	8.78e-04	0	0	100	100	Globodera tabacum isolate CA140 cytochrome c oxidase subunit I (COI) gene, partial cds; mitochondrial	Globodera tabacum	0	1	26	50	25
13	26	26	52.0	100.000	26	8.78e-04	0	0	100	100	Globodera tabacum isolate CD2208 cytochrome c oxidase subunit I (COI) gene, partial cds; mitochondrial	Globodera tabacum	0	1	26	50	25
13	26	26	52.0	100.000	26	8.78e-04	0	0	100	100	Globodera tabacum isolate CD2203a cytochrome c oxidase subunit I (COI) gene, partial cds; mitochondrial	Globodera tabacum	0	1	26	50	25
13	26	26	52.0	100.000	26	8.78e-04	0	0	100	100	Globodera tabacum isolate CD2689b cytochrome c oxidase subunit I (COI) gene, partial cds; mitochondrial	Globodera tabacum	0	1	26	50	25
14	26	26	52.0	100.000	26	8.78e-04	0	0	100	100	Protanthea simplex chromosome I mitochondrion, complete sequence	Protanthea simplex	0	1	26	15001	14976
14	26	26	52.0	100.000	26	8.78e-04	0	0	100	100	Saliniradius amylolyticus strain HMF8227 chromosome, complete genome	Saliniradius amylolyticus	0	1	26	75385	75360
14	26	26	52.0	100.000	26	8.78e-04	0	0	100	100	Calisoga sp. U DHL-215 isolate MY4419 cytochrome oxidase subunit I (COI) gene, partial cds; mitochondrial	Calisoga sp. U DHL-215	0	1	26	686	661
14	26	26	52.0	100.000	26	8.78e-04	0	0	100	100	Calisoga sp. U DHL-215 isolate MY4418 cytochrome oxidase subunit I (COI) gene, partial cds; mitochondrial	Calisoga sp. U DHL-215	0	1	26	686	661
14	26	26	52.0	100.000	26	8.78e-04	0	0	100	100	Attheyella dentata voucher A_dentata_Paajarvi_H41 cytochrome c oxidase subunit I (COX1) gene, partial cds; mitochondrial	Attheyella dentata	0	1	26	650	625
14	26	26	52.0	100.000	26	8.78e-04	0	0	100	100	Attheyella dentata voucher A_dentata_Orlov_H51 cytochrome c oxidase subunit I (COX1) gene, partial cds; mitochondrial	Attheyella dentata	0	1	26	650	625
14	26	26	52.0	100.000	26	8.78e-04	0	0	100	100	Attheyella dentata voucher A_dentata_Paajarvi_H43 cytochrome c oxidase subunit I (COX1) gene, partial cds; mitochondrial	Attheyella dentata	0	1	26	650	625
14	26	26	52.0	100.000	26	8.78e-04	0	0	100	100	Bathytyphlops sewelli mitochondrial DNA, complete genome	Bathytyphlops sewelli	0	1	26	6370	6345
14	26	26	52.0	100.000	26	8.78e-04	0	0	100	100	Pleuromamma antarctica isolate PLAN-08NG80 cytochrome c oxidase subunit 1 (cox1) gene, partial cds; mitochondrial	Pleuromamma antarctica	0	1	26	665	640
14	26	26	52.0	100.000	26	8.78e-04	0	0	100	100	Nitokra hibernica isolate Lake Hallstatt - 2 cytochrome c oxidase subunit I (COX1) gene, partial cds; mitochondrial.	Nitokra hibernica	0	1	26	620	595
15	26	26	52.0	100.000	26	8.78e-04	0	0	100	100	Spinactaletes sp. B AK-2018 isolate SspB_43_5 cytochrome c oxidase subunit I (COI) gene, partial cds; mitochondrial	Spinactaletes sp. B AK-2018	0	1	26	698	673
15	26	26	52.0	100.000	26	8.78e-04	0	0	100	100	Spinactaletes sp. B AK-2018 isolate SspB_43_4 cytochrome c oxidase subunit I (COI) gene, partial cds; mitochondrial	Spinactaletes sp. B AK-2018	0	1	26	698	673
15	26	26	52.0	100.000	26	8.78e-04	0	0	100	100	Spinactaletes sp. B AK-2018 isolate SspB_43_3 cytochrome c oxidase subunit I (COI) gene, partial cds; mitochondrial	Spinactaletes sp. B AK-2018	0	1	26	698	673
15	26	26	52.0	100.000	26	8.78e-04	0	0	100	100	Spinactaletes sp. B AK-2018 isolate SspB_43_2 cytochrome c oxidase subunit I (COI) gene, partial cds; mitochondrial	Spinactaletes sp. B AK-2018	0	1	26	698	673
15	26	26	52.0	100.000	26	8.78e-04	0	0	100	100	Spinactaletes sp. B AK-2018 isolate SspB_43_1 cytochrome c oxidase subunit I (COI) gene, partial cds; mitochondrial	Spinactaletes sp. B AK-2018	0	1	26	698	673
15	26	26	52.0	100.000	26	8.78e-04	0	0	100	100	Spinactaletes sp. B AK-2018 isolate SspB_2_2 cytochrome c oxidase subunit I (COI) gene, partial cds; mitochondrial	Spinactaletes sp. B AK-2018	0	1	26	698	673
15	26	26	52.0	100.000	26	8.78e-04	0	0	100	100	Spinactaletes sp. B AK-2018 isolate SspB_2_1 cytochrome c oxidase subunit I (COI) gene, partial cds; mitochondrial	Spinactaletes sp. B AK-2018	0	1	26	698	673
15	26	26	52.0	100.000	26	8.78e-04	0	0	100	100	Bovicola ovis isolate minichromosome 3 mitochondrion, complete sequence	Bovicola ovis	0	1	26	794	769
15	26	26	52.0	100.000	26	8.78e-04	0	0	100	100	Bothus myriaster mitochondrion, complete genome	Bothus myriaster	0	1	26	6023	5998
15	26	26	52.0	100.000	26	8.78e-04	0	0	100	100	Anterastes cf. serbicus CCcser2 haplotype 396cCAC cytochrome c oxidase subunit I (COI) gene, partial cds; mitochondrial	Anterastes cf. serbicus CCcser2	0	1	26	395	370
16	26	26	52.0	100.000	26	8.78e-04	0	0	100	100	Otongatrema caenolestesi isolate VT5950 cytochrome c oxidase subunit I (COX1) gene, partial cds; mitochondrial	Otongatrema caenolestesi	0	1	26	638	613
16	26	26	52.0	100.000	26	8.78e-04	0	0	100	100	Ochoterenella sp. 1 SHF-2019 cytochrome oxidase subunit I (COI) gene, partial cds; mitochondrial	Ochoterenella sp. 1 SHF-2019	0	1	26	356	331
16	26	26	52.0	100.000	26	8.78e-04	0	0	100	100	Metanonychus setulus cytochrome oxidase subunit I (COI) gene, partial cds; mitochondrial	Metanonychus setulus	0	1	26	650	625
16	26	26	52.0	100.000	26	8.78e-04	0	0	100	100	Metanonychus setulus cytochrome oxidase subunit I (COI) gene, partial cds; mitochondrial	Metanonychus setulus	0	1	26	650	625
16	26	26	52.0	100.000	26	8.78e-04	0	0	100	100	Metanonychus navarrus cytochrome oxidase subunit I (COI) gene, partial cds; mitochondrial	Metanonychus navarrus	0	1	26	650	625
16	26	26	52.0	100.000	26	8.78e-04	0	0	100	100	Metanonychus navarrus cytochrome oxidase subunit I (COI) gene, partial cds; mitochondrial	Metanonychus navarrus	0	1	26	650	625
16	26	26	52.0	100.000	26	8.78e-04	0	0	100	100	Metanonychus nigricans cytochrome oxidase subunit I (COI) gene, partial cds; mitochondrial	Metanonychus nigricans	0	1	26	650	625
16	26	26	52.0	100.000	26	8.78e-04	0	0	100	100	Isopora palifera mitochondrion, complete genome	Isopora palifera	0	1	26	17657	17632
16	26	26	52.0	100.000	26	8.78e-04	0	0	100	100	Isopora togianensis mitochondrion, complete genome	Isopora togianensis	0	1	26	17570	17545
16	26	26	52.0	100.000	26	8.78e-04	0	0	100	100	Montipora verrilli isolate L46 cytochrome oxidase subunit I (coxI) gene, partial cds; mitochondrial	Montipora verrilli	0	1	26	686	661
17	26	26	52.0	100.000	26	8.78e-04	0	0	100	100	Kapsulotaenia sp. Aus020 cytochrome c oxidase subunit I (COX1) gene, partial cds; mitochondrial	Kapsulotaenia sp. Aus020	0	1	26	737	712
17	26	26	52.0	100.000	26	8.78e-04	0	0	100	100	Tethya sp. 1 JV-2020 cytochrome c oxidase subunit I (COX1) gene, partial cds; mitochondrial	Tethya sp. 1 JV-2020	0	1	26	698	673
17	26	26	52.0	100.000	26	8.78e-04	0	0	100	100	Microgaster sp. SNS-2016 mitochondrion, partial genome	Microgaster sp. SNS-2016	0	1	26	668	643
17	26	26	52.0	100.000	26	8.78e-04	0	0	100	100	Stygobromus allegheniensis mitochondrion, complete genome	Stygobromus allegheniensis	0	1	26	725	700
17	26	26	52.0	100.000	26	8.78e-04	0	0	100	100	Amasa schlichii isolate SAX186 cytochrome oxidase subunit I (COI) gene, partial cds; mitochondrial	Amasa schlichii	0	1	26	670	645
17	26	26	52.0	100.000	26	8.78e-04	0	0	100	100	Stygobromus allegheniensis mitochondrion, complete genome	Stygobromus allegheniensis	0	1	26	725	700
17	26	26	52.0	100.000	26	8.78e-04	0	0	100	100	Domitius speluncarum isolate D557 cytochrome oxidase subunit 1 (COI) gene, partial cds; mitochondrial	Domitius speluncarum	0	1	26	659	634
17	26	26	52.0	100.000	26	8.78e-04	0	0	100	100	Pratylenchus sp. 9 TSH-2019 isolate N8931 cytochrome oxidase subunit 1 (cox1) gene, partial cds; mitochondrial	Pratylenchus sp. 9 TSH-2019	0	1	26	336	311
17	26	26	52.0	100.000	26	8.78e-04	0	0	100	100	Pratylenchus sp. 9 TSH-2019 isolate N8929 cytochrome oxidase subunit 1 (cox1) gene, partial cds; mitochondrial	Pratylenchus sp. 9 TSH-2019	0	1	26	336	311
17	26	26	52.0	100.000	26	8.78e-04	0	0	100	100	Oesophagostomum aculeatum Pp17 mitochondrial COX1 gene for cytochrome c oxidase subunit 1, partial cds	Oesophagostomum aculeatum	0	1	26	484	459
18	26	26	52.0	100.000	26	8.78e-04	0	0	100	100	Zygocotyle lunata isolate BH-Cidade Administrativa cytochrome c oxidase subunit I (COX1) gene, partial cds; mitochondrial	Zygocotyle lunata	0	1	26	596	571
18	26	26	52.0	100.000	26	8.78e-04	0	0	100	100	Mesocriconema sphaerocephalum isolate N2649 cox1 gene, partial sequence; mitochondrial	Mesocriconema sphaerocephalum	0	1	26	348	323
18	26	26	52.0	100.000	26	8.78e-04	0	0	100	100	Stahnkeus deserticola voucher LP5032 cytochrome c oxidase subunit I (COI) gene, partial cds; mitochondrial	Stahnkeus deserticola	0	1	26	684	659
18	26	26	52.0	100.000	26	8.78e-04	0	0	100	100	Planktomarina temperata RCA23, complete genome	Planktomarina temperata RCA23	0	1	26	279000	279025
18	26	26	52.0	100.000	26	8.78e-04	0	0	100	100	Polynucleobacter sp. AP-Elch-400A-B2 chromosome	Polynucleobacter sp. AP-Elch-400A-B2	0	1	26	1946819	1946844
18	26	26	52.0	100.000	26	8.78e-04	0	0	100	100	Membranipora grandicella mitochondrion, complete genome	Membranipora grandicella	0	1	26	710	685
18	26	26	52.0	100.000	26	8.78e-04	0	0	100	100	Galaxia gaviotensis voucher CASIZ 235112 cytochrome c oxidase subunit I (COX1) gene, partial cds; mitochondrial	Galaxia gaviotensis	0	1	26	658	633
18	26	26	52.0	100.000	26	8.78e-04	0	0	100	100	Strubellia wawrai voucher ZSM Mol20080150 cytochrome oxidase subunit I (COI) gene, partial cds; mitochondrial	Strubellia wawrai	0	1	26	650	625
18	26	26	52.0	100.000	26	8.78e-04	0	0	100	100	Strubellia wawrai voucher ZSM Mol20080018 cytochrome oxidase subunit I (COI) gene, partial cds; mitochondrial	Strubellia wawrai	0	1	26	642	617
18	26	26	52.0	100.000	26	8.78e-04	0	0	100	100	Strubellia wawrai voucher ZSM Mol20080015 cytochrome oxidase subunit I (COI) gene, partial cds; mitochondrial	Strubellia wawrai	0	1	26	644	619
19	26	26	52.0	100.000	26	8.78e-04	0	0	100	100	Culiseta glaphyroptera voucher HM179 cytochrome oxidase subunit I (COI) gene, partial cds; mitochondrial	Culiseta glaphyroptera	0	1	26	684	659
19	26	26	52.0	100.000	26	8.78e-04	0	0	100	100	Shinkailepas tollmanni mitochondrial COI gene for cytochrome c oxidase subunit I, partial cds, isolate: YK285	Shinkailepas tollmanni	0	1	26	684	659
19	26	26	52.0	100.000	26	8.78e-04	0	0	100	100	Shinkailepas tufari mitochondrial COX1 gene for cytochrome c oxidase subunit 1, partial cds	Shinkailepas tufari	0	1	26	684	659
19	26	26	52.0	100.000	26	8.78e-04	0	0	100	100	Tettigarcta tomentosa cytochrome oxidase subunit I (COI) gene, partial cds; mitochondrial	Tettigarcta tomentosa	0	1	26	677	652
19	26	26	52.0	100.000	26	8.78e-04	0	0	100	100	Teleogryllus oceanicus mitochondrion, complete genome	Teleogryllus oceanicus	0	1	26	2117	2092
19	26	26	52.0	100.000	26	8.78e-04	0	0	100	100	Nabidae sp. isolate 19102801 cytochrome c oxidase subunit I (COX1) gene, partial cds; mitochondrial	Nabidae sp.	0	1	26	365	340
19	26	26	52.0	100.000	26	8.78e-04	0	0	100	100	Nerita versicolor cytochrome c oxidase subunit III (cox3) gene, complete cds; tRNA-Lys, tRNA-Ala, tRNA-Arg, tRNA-Asn, and tRNA-Ile genes, complete sequence; NADH dehydrogenase subunit 3 (nad3) gene, complete cds; tRNA-Ser gene, complete sequence; NADH dehydrogenase subunit 2 (nad2), cytochrome c oxidase subunit I (cox1), and cytochrome c oxidase subunit II (cox2) genes, complete cds; tRNA-Asp gene, complete sequence; ATP synthase F0 subunit 8 (atp8) and ATP synthase F0 subunit 6 (atp6) genes, complete cds; tRNA-Phe gene, complete sequence; NADH dehydrogenase subunit 5 (nad5) gene, complete cds; tRNA-His gene, complete sequence; NADH dehydrogenase subunit 4 (nad4) and NADH dehydrogenase subunit 4L (nad4L) genes, complete cds; tRNA-Thr and tRNA-Ser genes, complete sequence; cytochrome b (cytB) and NADH dehydrogenase subunit 6 (nad6) genes, complete cds; tRNA-Pro gene, complete sequence; NADH dehydrogenase subunit 1 (nad1) gene, complete cds; and tRNA-Leu, 16S ribosomal RNA, tRNA-Val, 12S ribosomal RNA, tRNA-Met, tRNA-Tyr, tRNA-Cys, tRNA-Trp, tRNA-Gln, tRNA-Gly, and tRNA-Glu genes, complete sequence; mitochondrial	Nerita versicolor	0	1	26	3715	3690
19	26	26	52.0	100.000	26	8.78e-04	0	0	100	100	Brachionus calyciflorus isolate Bcal_SB cytochrome c oxidase subunit I (COX1) gene, partial cds; mitochondrial	Brachionus calyciflorus	0	1	26	647	622
19	26	26	52.0	100.000	26	8.78e-04	0	0	100	100	Shinkailepas tollmanni YK2977 mitochondrial COI gene for cytochrome c oxidase subunit I, partial cds	Shinkailepas tollmanni	0	1	26	684	659
19	26	26	52.0	100.000	26	8.78e-04	0	0	100	100	Shinkailepas tollmanni YK2976 mitochondrial COI gene for cytochrome c oxidase subunit I, partial cds	Shinkailepas tollmanni	0	1	26	684	659
20	26	26	52.0	100.000	26	8.78e-04	0	0	100	100	Thraulus sp. 46 CSC-2019 voucher TH6_AMB5_1 cytochrome oxidase subunit 1 (COI) gene, partial cds; mitochondrial	Thraulus sp. 46 CSC-2019	0	1	26	455	430
20	26	26	52.0	100.000	26	8.78e-04	0	0	100	100	Metanonychus setulus cytochrome oxidase subunit I (COI) gene, partial cds; mitochondrial	Metanonychus setulus	0	1	26	650	625
20	26	26	52.0	100.000	26	8.78e-04	0	0	100	100	Metanonychus setulus cytochrome oxidase subunit I (COI) gene, partial cds; mitochondrial	Metanonychus setulus	0	1	26	650	625
20	26	26	52.0	100.000	26	8.78e-04	0	0	100	100	Metanonychus setulus cytochrome oxidase subunit I (COI) gene, partial cds; mitochondrial	Metanonychus setulus	0	1	26	650	625
20	26	26	52.0	100.000	26	8.78e-04	0	0	100	100	Metanonychus setulus cytochrome oxidase subunit I (COI) gene, partial cds; mitochondrial	Metanonychus setulus	0	1	26	650	625
20	26	26	52.0	100.000	26	8.78e-04	0	0	100	100	Metanonychus setulus cytochrome oxidase subunit I (COI) gene, partial cds; mitochondrial	Metanonychus setulus	0	1	26	650	625
20	26	26	52.0	100.000	26	8.78e-04	0	0	100	100	Metanonychus setulus cytochrome oxidase subunit I (COI) gene, partial cds; mitochondrial	Metanonychus setulus	0	1	26	650	625
20	26	26	52.0	100.000	26	8.78e-04	0	0	100	100	Metanonychus setulus cytochrome oxidase subunit I (COI) gene, partial cds; mitochondrial	Metanonychus setulus	0	1	26	440	415
20	26	26	52.0	100.000	26	8.78e-04	0	0	100	100	Mesalgoides sp. AD1042 voucher UMMZ BMOC 06-0717-001 AD1042 cytochrome oxidase subunit I (COXI) gene, partial cds; mitochondrial	Mesalgoides sp. AD1042	0	1	26	688	663
20	26	26	52.0	100.000	26	8.78e-04	0	0	100	100	Cantuaria napua isolate CSF1 cytochrome c oxidase subunit 1 (CO1) gene, partial cds; mitochondrial	Cantuaria napua	0	1	26	623	598
21	26	26	52.0	100.000	26	8.78e-04	0	0	100	100	Nothocriconemoides hangzhouensis isolate 63 cytochrome oxidase subunit I (COI) gene, partial cds; mitochondrial	Nothocriconemoides hangzhouensis	0	1	26	346	321
21	26	26	52.0	100.000	26	8.78e-04	0	0	100	100	Nothocriconemoides hangzhouensis isolate 61 cytochrome oxidase subunit I (COI) gene, partial cds; mitochondrial	Nothocriconemoides hangzhouensis	0	1	26	354	329
21	26	26	52.0	100.000	26	8.78e-04	0	0	100	100	Nothocriconemoides hangzhouensis isolate N4 cytochrome oxidase subunit I (COI) gene, partial cds; mitochondrial	Nothocriconemoides hangzhouensis	0	1	26	354	329
21	26	26	52.0	100.000	26	8.78e-04	0	0	100	100	Nothocriconemoides hangzhouensis isolate N3 cytochrome oxidase subunit I (COI) gene, partial cds; mitochondrial	Nothocriconemoides hangzhouensis	0	1	26	330	305
21	26	26	52.0	100.000	26	8.78e-04	0	0	100	100	Nothocriconemoides hangzhouensis isolate N2 cytochrome oxidase subunit I (COI) gene, partial cds; mitochondrial	Nothocriconemoides hangzhouensis	0	1	26	333	308
21	26	26	52.0	100.000	26	8.78e-04	0	0	100	100	Nothocriconemoides hangzhouensis isolate N1 cytochrome oxidase subunit I (COI) gene, partial cds; mitochondrial	Nothocriconemoides hangzhouensis	0	1	26	357	332
21	26	26	52.0	100.000	26	8.78e-04	0	0	100	100	Oesophagostomum aculeatum Pp14 mitochondrial COX1 gene for cytochrome c oxidase subunit 1, partial cds	Oesophagostomum aculeatum	0	1	26	484	459
21	26	26	52.0	100.000	26	8.78e-04	0	0	100	100	Loxosceles chapadensis isolate Lox049 cytochrome c oxidase subunit I gene, partial cds; mitochondrial	Loxosceles chapadensis	0	1	26	392	367
21	26	26	52.0	100.000	26	8.78e-04	0	0	100	100	Metanonychus setulus cytochrome oxidase subunit I (COI) gene, partial cds; mitochondrial	Metanonychus setulus	0	1	26	377	352
21	26	26	52.0	100.000	26	8.78e-04	0	0	100	100	Metanonychus setulus cytochrome oxidase subunit I (COI) gene, partial cds; mitochondrial	Metanonychus setulus	0	1	26	650	625
22	26	26	52.0	100.000	26	8.78e-04	0	0	100	100	Polyplax spinulosa isolate louse_RS361 cytochrome c oxidase subunit I (cox1) gene, partial cds; mitochondrial	Polyplax spinulosa	0	1	26	486	461
22	26	26	52.0	100.000	26	8.78e-04	0	0	100	100	Polyplax spinulosa isolate louse_Z65055 cytochrome c oxidase subunit I (cox1) gene, partial cds; mitochondrial	Polyplax spinulosa	0	1	26	489	464
22	26	26	52.0	100.000	26	8.78e-04	0	0	100	100	Polyplax spinulosa isolate louse_RVB cytochrome c oxidase subunit I (cox1) gene, partial cds; mitochondrial	Polyplax spinulosa	0	1	26	489	464
22	26	26	52.0	100.000	26	8.78e-04	0	0	100	100	Polyplax spinulosa isolate louse_RLA cytochrome c oxidase subunit I (cox1) gene, partial cds; mitochondrial	Polyplax spinulosa	0	1	26	482	457
22	26	26	52.0	100.000	26	8.78e-04	0	0	100	100	Kudoa septempunctata Oita2016 mitochondrial cox1 gene for cytochrome c oxidase subunit I, partial cds	Kudoa septempunctata	0	1	26	133	108
22	26	26	52.0	100.000	26	8.78e-04	0	0	100	100	Kudoa igami MST mitochondrial cox1 gene for cytochrome c oxidase subunit I, partial cds	Kudoa igami	0	1	26	133	108
22	26	26	52.0	100.000	26	8.78e-04	0	0	100	100	Polynucleobacter necessarius isolate PPGSP6 genome assembly, chromosome: I	Polynucleobacter necessarius	0	1	26	159989	159964
22	26	26	52.0	100.000	26	8.78e-04	0	0	100	100	Polynucleobacter necessarius isolate PPGSP4 genome assembly, chromosome: I	Polynucleobacter necessarius	0	1	26	1388528	1388553
22	26	26	52.0	100.000	26	8.78e-04	0	0	100	100	Candidatus Aquiluna sp. UB-MaderosW2red genome assembly, chromosome: I	Candidatus Aquiluna sp. UB-MaderosW2red	0	1	26	1241983	1242008
22	26	26	52.0	100.000	26	8.78e-04	0	0	100	100	Triparma laevis mitochondrial DNA, complete sequence	Triparma laevis	0	1	26	12346	12371
23	26	26	52.0	100.000	26	8.78e-04	0	0	100	100	Neodiaptomus schmackeri voucher Xiaodong Jiang:SHQC140824 cytochrome oxidase subunit I (COI) gene, partial cds; mitochondrial	Neodiaptomus schmackeri	0	1	26	335	360
23	26	26	52.0	100.000	26	8.78e-04	0	0	100	100	Semisulcospira gredleri strain DLN20150067 cytochrome c oxidase subunit I (COI) gene, partial cds; mitochondrial	Semisulcospira gredleri	0	1	26	617	592
23	26	26	52.0	100.000	26	8.78e-04	0	0	100	100	Kaloula verrucosa mitochondrion, complete genome	Kaloula verrucosa	0	1	26	6264	6239
23	26	26	52.0	100.000	26	8.78e-04	0	0	100	100	Saurogobio immaculatus mitochondrial DNA, complete genome	Saurogobio immaculatus	0	1	26	6221	6196
23	26	26	52.0	100.000	26	8.78e-04	0	0	100	100	Pollicipes polymerus isolate PBLT15 cytochrome c oxidase subunit 1 (COI) gene, partial cds; mitochondrial	Pollicipes polymerus	0	1	26	423	398
23	26	26	52.0	100.000	26	8.78e-04	0	0	100	100	Pollicipes polymerus isolate SHHT6 cytochrome c oxidase subunit 1 (COI) gene, partial cds; mitochondrial	Pollicipes polymerus	0	1	26	423	398
23	26	26	52.0	100.000	26	8.78e-04	0	0	100	100	Pollicipes polymerus isolate SDLT18 cytochrome c oxidase subunit 1 (COI) gene, partial cds; mitochondrial	Pollicipes polymerus	0	1	26	423	398
23	26	26	52.0	100.000	26	8.78e-04	0	0	100	100	Pollicipes polymerus isolate SDLT13 cytochrome c oxidase subunit 1 (COI) gene, partial cds; mitochondrial	Pollicipes polymerus	0	1	26	423	398
23	26	26	52.0	100.000	26	8.78e-04	0	0	100	100	Pollicipes polymerus isolate PBLT10 cytochrome c oxidase subunit 1 (COI) gene, partial cds; mitochondrial	Pollicipes polymerus	0	1	26	423	398
23	26	26	52.0	100.000	26	8.78e-04	0	0	100	100	Pollicipes polymerus isolate PBHT25 cytochrome c oxidase subunit 1 (COI) gene, partial cds; mitochondrial	Pollicipes polymerus	0	1	26	423	398
24	26	26	52.0	100.000	26	8.78e-04	0	0	100	100	Protospirura muricola isolate Cam-10014 cytochrome c oxidase subunit I (COX1) gene, partial cds; mitochondrial	Protospirura muricola	0	1	26	431	406
24	26	26	52.0	100.000	26	8.78e-04	0	0	100	100	Protospirura muricola isolate Cam-10015 cytochrome c oxidase subunit I (COX1) gene, partial cds; mitochondrial	Protospirura muricola	0	1	26	431	406
24	26	26	52.0	100.000	26	8.78e-04	0	0	100	100	Protospirura muricola isolate Cam-10016 cytochrome c oxidase subunit I (COX1) gene, partial cds; mitochondrial	Protospirura muricola	0	1	26	431	406
24	26	26	52.0	100.000	26	8.78e-04	0	0	100	100	PREDICTED: Pecten maximus cytochrome c oxidase subunit 1-like (LOC117319645), mRNA	Pecten maximus	0	1	26	710	685
24	26	26	52.0	100.000	26	8.78e-04	0	0	100	100	Favites pentagona isolate D36 mitochondrion, complete genome	Favites pentagona	0	1	26	15707	15682
24	26	26	52.0	100.000	26	8.78e-04	0	0	100	100	Micromussa amakusensis voucher REL0473_ZRC.CNI.1393 cytochrome oxidase subunit I (COI) gene, partial cds; mitochondrial	Micromussa amakusensis	0	1	26	695	670
24	26	26	52.0	100.000	26	8.78e-04	0	0	100	100	Micromussa amakusensis voucher REL0471_ZRC.CNI.1392 cytochrome oxidase subunit I (COI) gene, partial cds; mitochondrial	Micromussa amakusensis	0	1	26	693	668
24	26	26	52.0	100.000	26	8.78e-04	0	0	100	100	Dipsastraea favus mitochondrion, complete genome	Dipsastraea favus	0	1	26	15110	15085
24	26	26	52.0	100.000	26	8.78e-04	0	0	100	100	Undinula vulgaris mitochondrion, complete genome	Undinula vulgaris	0	1	26	10536	10511
24	26	26	52.0	100.000	26	8.78e-04	0	0	100	100	Tibicina haematodes cytochrome c oxidase subunit I (COI) gene, partial cds; mitochondrial	Tibicina haematodes	0	1	26	668	643
25	26	26	52.0	100.000	26	8.78e-04	0	0	100	100	Leishmania guyanensis genome assembly, chromosome: 1	Leishmania guyanensis	0	1	26	12776	12801
25	26	26	52.0	100.000	26	8.78e-04	0	0	100	100	TPA_asm: Leishmania shawi strain LSH01 kinetoplast, complete sequence	Leishmania shawi	0	1	26	12639	12664
25	26	26	52.0	100.000	26	8.78e-04	0	0	100	100	TPA_asm: Leishmania guyanensis strain MCAN kinetoplast, complete sequence	Leishmania guyanensis	0	1	26	12596	12621
25	26	26	52.0	100.000	26	8.78e-04	0	0	100	100	TPA_asm: Leishmania panamensis strain PSC1 kinetoplast, complete sequence	Leishmania panamensis	0	1	26	12666	12691
25	26	26	52.0	100.000	26	8.78e-04	0	0	100	100	Leishmania panamensis strain UA946 kinetoplast, complete genome	Leishmania panamensis	0	1	26	12748	12773
25	26	26	52.0	100.000	26	8.78e-04	0	0	100	100	Unio pictorum haplogroup M mitochondrion, complete genome	Unio pictorum	0	1	26	6820	6845
25	26	26	52.0	100.000	26	8.78e-04	0	0	100	100	Unio pictorum haplogroup M mitochondrion, complete genome	Unio pictorum	0	1	26	6820	6845
25	26	26	52.0	100.000	26	8.78e-04	0	0	100	100	Trypanosoma dionisii voucher COLTRYP 623 cytochrome oxidase subunit 1 (COI) gene, partial cds; kinetoplast	Trypanosoma dionisii	0	1	26	131	156
25	26	26	52.0	100.000	26	8.78e-04	0	0	100	100	Trypanosoma dionisii voucher COLTRYP 622 cytochrome oxidase subunit 1 (COI) gene, partial cds; kinetoplast	Trypanosoma dionisii	0	1	26	131	156
25	26	26	52.0	100.000	26	8.78e-04	0	0	100	100	Trypanosoma dionisii voucher COLTRYP 621 cytochrome oxidase subunit 1 (COI) gene, partial cds; kinetoplast	Trypanosoma dionisii	0	1	26	131	156
26	26	26	52.0	100.000	26	8.78e-04	0	0	100	100	Goniopora djiboutiensis mitochondrion, complete genome	Goniopora djiboutiensis	0	1	26	14230	14205
26	26	26	52.0	100.000	26	8.78e-04	0	0	100	100	Goniopora lobata voucher R28-8 mitochondrion, complete genome	Goniopora lobata	0	1	26	16873	16848
26	26	26	52.0	100.000	26	8.78e-04	0	0	100	100	Porites cf. compressa P1H cytochrome c oxidase subunit I (COI) gene, partial cds; mitochondrial	Porites cf. compressa P1H	0	1	26	685	660
26	26	26	52.0	100.000	26	8.78e-04	0	0	100	100	Petalonia fascia KU-d20586 mitochondrial cox1 gene for cytochrome oxidase subunit 1, partial cds	Petalonia fascia	0	1	26	687	662
26	26	26	52.0	100.000	26	8.78e-04	0	0	100	100	Goniopora columna mitochondrion, complete genome	Goniopora columna	0	1	26	16867	16842
26	26	26	52.0	100.000	26	8.78e-04	0	0	100	100	TPA_asm: Lampsilis cardium mitochondrion, complete genome	Lampsilis cardium	0	1	26	4316	4341
26	26	26	52.0	100.000	26	8.78e-04	0	0	100	100	Beroe gracilis voucher J225 cytochrome oxidase subunit 1 (COI) gene, partial cds; mitochondrial	Beroe gracilis	0	1	26	232	207
26	26	26	52.0	100.000	26	8.78e-04	0	0	100	100	Beroe gracilis voucher J224 cytochrome oxidase subunit 1 (COI) gene, partial cds; mitochondrial	Beroe gracilis	0	1	26	232	207
26	26	26	52.0	100.000	26	8.78e-04	0	0	100	100	Beroe gracilis voucher J223 cytochrome oxidase subunit 1 (COI) gene, partial cds; mitochondrial	Beroe gracilis	0	1	26	232	207
26	26	26	52.0	100.000	26	8.78e-04	0	0	100	100	Stephanitis chinensis mitochondrion, complete genome	Stephanitis chinensis	0	1	26	725	700
27	26	26	52.0	100.000	26	8.78e-04	0	0	100	100	Hermerius prionoides mitochondrion, partial genome	Hermerius prionoides	0	1	26	2165	2140
27	26	26	52.0	100.000	26	8.78e-04	0	0	100	100	Sarcophaga rohdendorfi isolate SRUM26/6 cytochrome oxidase subunit I (COI) gene, partial cds; tRNA-Leu (trnL) gene, complete sequence; and cytochrome oxidase subunit II (COII) gene, complete cds; mitochondrial	Sarcophaga rohdendorfi	0	1	26	731	706
27	26	26	52.0	100.000	26	8.78e-04	0	0	100	100	Epeorus sp. XL-2019 mitochondrion, partial genome	Epeorus sp. XL-2019	0	1	26	2209	2184
27	26	26	52.0	100.000	26	8.78e-04	0	0	100	100	Tinaminyssus melloi mitochondrion, complete genome	Tinaminyssus melloi	0	1	26	5606	5581
27	26	26	52.0	100.000	26	8.78e-04	0	0	100	100	Cryptotympana facialis kum21 mitochondrial COX1 gene for cytochrome c oxidase subunit 1, partial cds	Cryptotympana facialis	0	1	26	417	392
27	26	26	52.0	100.000	26	8.78e-04	0	0	100	100	Cryptotympana facialis kum18 mitochondrial COX1 gene for cytochrome c oxidase subunit 1, partial cds	Cryptotympana facialis	0	1	26	417	392
27	26	26	52.0	100.000	26	8.78e-04	0	0	100	100	Cryptotympana facialis kum36 mitochondrial COX1 gene for cytochrome c oxidase subunit 1, partial cds	Cryptotympana facialis	0	1	26	417	392
27	26	26	52.0	100.000	26	8.78e-04	0	0	100	100	Cryptotympana facialis kum33 mitochondrial COX1 gene for cytochrome c oxidase subunit 1, partial cds	Cryptotympana facialis	0	1	26	417	392
27	26	26	52.0	100.000	26	8.78e-04	0	0	100	100	Cania heppneri cytochrome oxidase subunit 1 (COI) gene, partial cds; mitochondrial	Cania heppneri	0	1	26	722	697
27	26	26	52.0	100.000	26	8.78e-04	0	0	100	100	Gracilariopsis longissima cytochrome c oxidase subunit I (cox1) gene, partial cds; mitochondrial	Gracilariopsis longissima	0	1	26	665	640
28	26	26	52.0	100.000	26	8.78e-04	0	0	100	100	Kibramoa madrona voucher CAS ENT 9068407 cytochrome oxidase subunit I (COI) gene, partial cds; mitochondrial	Kibramoa madrona	0	1	26	689	664
28	26	26	52.0	100.000	26	8.78e-04	0	0	100	100	Kibramoa sp. CAS ENT 9067224 cytochrome oxidase subunit I (COI) gene, partial cds; mitochondrial	Kibramoa sp. CAS ENT 9067224	0	1	26	689	664
28	26	26	52.0	100.000	26	8.78e-04	0	0	100	100	Kibramoa sp. CAS ENT 9067223 cytochrome oxidase subunit I (COI) gene, partial cds; mitochondrial	Kibramoa sp. CAS ENT 9067223	0	1	26	689	664
28	26	26	52.0	100.000	26	8.78e-04	0	0	100	100	Kibramoa sp. CAS ENT 9067222 cytochrome oxidase subunit I (COI) gene, partial cds; mitochondrial	Kibramoa sp. CAS ENT 9067222	0	1	26	689	664
28	26	26	52.0	100.000	26	8.78e-04	0	0	100	100	Kibramoa sp. CAS ENT 9068410 cytochrome oxidase subunit I (COI) gene, partial cds; mitochondrial	Kibramoa sp. CAS ENT 9068410	0	1	26	689	664
28	26	26	52.0	100.000	26	8.78e-04	0	0	100	100	Synura fluviatilis strain I68 cytochrome oxidase subunit 1 (cox1) gene, partial cds; mitochondrial	Synura fluviatilis	0	1	26	56	31
28	26	26	52.0	100.000	26	8.78e-04	0	0	100	100	Synura truttae strain I20 cytochrome oxidase subunit 1 (cox1) gene, partial cds; mitochondrial	Synura truttae	0	1	26	62	37
28	26	26	52.0	100.000	26	8.78e-04	0	0	100	100	Phytophthora ramorum isolate P2460 cytochrome oxidase subunit I (Cox1) gene, partial cds; mitochondrial	Phytophthora ramorum	0	1	26	704	679
28	26	26	52.0	100.000	26	8.78e-04	0	0	100	100	Lepocreadium setiferoides haplotype LSE_HAP33 cytochrome oxidase subunit I (COI) gene, partial cds; mitochondrial	Lepocreadium setiferoides	0	1	26	339	314
28	26	26	52.0	100.000	26	8.78e-04	0	0	100	100	Lepocreadium setiferoides haplotype LSE_HAP28 cytochrome oxidase subunit I (COI) gene, partial cds; mitochondrial	Lepocreadium setiferoides	0	1	26	339	314
29	26	26	52.0	100.000	26	8.78e-04	0	0	100	100	Cynopoecilus nigrovittatus isolate NM3 cytochrome c oxidase subunit I (COI) gene, partial cds; mitochondrial	Cynopoecilus nigrovittatus	0	1	26	648	623
29	26	26	52.0	100.000	26	8.78e-04	0	0	100	100	Cynopoecilus nigrovittatus isolate NM9 cytochrome c oxidase subunit I (COI) gene, partial cds; mitochondrial	Cynopoecilus nigrovittatus	0	1	26	648	623
29	26	26	52.0	100.000	26	8.78e-04	0	0	100	100	Cynopoecilus nigrovittatus isolate NM8 cytochrome c oxidase subunit I (COI) gene, partial cds; mitochondrial	Cynopoecilus nigrovittatus	0	1	26	648	623
29	26	26	52.0	100.000	26	8.78e-04	0	0	100	100	Cynopoecilus nigrovittatus isolate NM7 cytochrome c oxidase subunit I (COI) gene, partial cds; mitochondrial	Cynopoecilus nigrovittatus	0	1	26	648	623
29	26	26	52.0	100.000	26	8.78e-04	0	0	100	100	Cynopoecilus nigrovittatus isolate NM6 cytochrome c oxidase subunit I (COI) gene, partial cds; mitochondrial	Cynopoecilus nigrovittatus	0	1	26	648	623
29	26	26	52.0	100.000	26	8.78e-04	0	0	100	100	Cynopoecilus nigrovittatus isolate NM5 cytochrome c oxidase subunit I (COI) gene, partial cds; mitochondrial	Cynopoecilus nigrovittatus	0	1	26	648	623
29	26	26	52.0	100.000	26	8.78e-04	0	0	100	100	Cynopoecilus nigrovittatus isolate NM4 cytochrome c oxidase subunit I (COI) gene, partial cds; mitochondrial	Cynopoecilus nigrovittatus	0	1	26	648	623
29	26	26	52.0	100.000	26	8.78e-04	0	0	100	100	Cynopoecilus nigrovittatus isolate NM2 cytochrome c oxidase subunit I (COI) gene, partial cds; mitochondrial	Cynopoecilus nigrovittatus	0	1	26	648	623
29	26	26	52.0	100.000	26	8.78e-04	0	0	100	100	Cynopoecilus nigrovittatus isolate NM15 cytochrome c oxidase subunit I (COI) gene, partial cds; mitochondrial	Cynopoecilus nigrovittatus	0	1	26	648	623
29	26	26	52.0	100.000	26	8.78e-04	0	0	100	100	Cynopoecilus nigrovittatus isolate NM14 cytochrome c oxidase subunit I (COI) gene, partial cds; mitochondrial	Cynopoecilus nigrovittatus	0	1	26	648	623
30	26	26	52.0	100.000	26	8.78e-04	0	0	100	100	Nonnullidens sp. 40 CSC-2019 voucher BA4_PNG106_1 cytochrome oxidase subunit 1 (COI) gene, partial cds; mitochondrial	Nonnullidens sp. 40 CSC-2019	0	1	26	455	430
30	26	26	52.0	100.000	26	8.78e-04	0	0	100	100	Dipteromimus tipuliformis 18126 mitochondrial COX1 gene for cytochrome c oxidase subunit 1, partial cds	Dipteromimus tipuliformis	0	1	26	632	607
30	26	26	52.0	100.000	26	8.78e-04	0	0	100	100	Dipteromimus tipuliformis 18125 mitochondrial COX1 gene for cytochrome c oxidase subunit 1, partial cds	Dipteromimus tipuliformis	0	1	26	632	607
30	26	26	52.0	100.000	26	8.78e-04	0	0	100	100	Dipteromimus tipuliformis 18124 mitochondrial COX1 gene for cytochrome c oxidase subunit 1, partial cds	Dipteromimus tipuliformis	0	1	26	632	607
30	26	26	52.0	100.000	26	8.78e-04	0	0	100	100	Dipteromimus tipuliformis 18123 mitochondrial COX1 gene for cytochrome c oxidase subunit 1, partial cds	Dipteromimus tipuliformis	0	1	26	632	607
30	26	26	52.0	100.000	26	8.78e-04	0	0	100	100	Dipteromimus tipuliformis 18122 mitochondrial COX1 gene for cytochrome c oxidase subunit 1, partial cds	Dipteromimus tipuliformis	0	1	26	632	607
30	26	26	52.0	100.000	26	8.78e-04	0	0	100	100	Dipteromimus tipuliformis 18121 mitochondrial COX1 gene for cytochrome c oxidase subunit 1, partial cds	Dipteromimus tipuliformis	0	1	26	632	607
30	26	26	52.0	100.000	26	8.78e-04	0	0	100	100	Dipteromimus tipuliformis 18120 mitochondrial COX1 gene for cytochrome c oxidase subunit 1, partial cds	Dipteromimus tipuliformis	0	1	26	632	607
30	26	26	52.0	100.000	26	8.78e-04	0	0	100	100	Dipteromimus tipuliformis 18119 mitochondrial COX1 gene for cytochrome c oxidase subunit 1, partial cds	Dipteromimus tipuliformis	0	1	26	632	607
30	26	26	52.0	100.000	26	8.78e-04	0	0	100	100	Dipteromimus tipuliformis 17351 mitochondrial COX1 gene for cytochrome c oxidase subunit 1, partial cds	Dipteromimus tipuliformis	0	1	26	632	607
31	26	26	52.0	100.000	26	8.78e-04	0	0	100	100	Sarcophaga caerulescens genome assembly, organelle: mitochondrion	Sarcophaga caerulescens	0	1	26	4170	4195
31	26	26	52.0	100.000	26	8.78e-04	0	0	100	100	Trematomus loennbergii mitochondrion, complete genome	Trematomus loennbergii	0	1	26	8336	8311
31	26	26	52.0	100.000	26	8.78e-04	0	0	100	100	Cacopsylla crataegi voucher 160404.C.cra.3 cytochrome c oxidase subunit 1 (COI) gene, partial cds; mitochondrial	Cacopsylla crataegi	0	1	26	495	470
31	26	26	52.0	100.000	26	8.78e-04	0	0	100	100	Rhithrogena sp. XL-2019 mitochondrion, partial genome	Rhithrogena sp. XL-2019	0	1	26	2207	2182
31	26	26	52.0	100.000	26	8.78e-04	0	0	100	100	Trachypenaeus curvirostris mitochondrion, complete genome	Trachypenaeus curvirostris	0	1	26	2164	2139
31	26	26	52.0	100.000	26	8.78e-04	0	0	100	100	Benthodytes sp. SB-1-11 cytochrome c oxidase subunit I (COI) gene, partial cds; mitochondrial	Benthodytes sp. SB-1-11	0	1	26	467	442
31	26	26	52.0	100.000	26	8.78e-04	0	0	100	100	Neocalanus plumchrus voucher LCS_08 cytochrome oxidase subunit 1 (COI) gene, partial cds; mitochondrial	Neocalanus plumchrus	0	1	26	698	673
31	26	26	52.0	100.000	26	8.78e-04	0	0	100	100	Neocalanus plumchrus voucher LCS_03 cytochrome oxidase subunit 1 (COI) gene, partial cds; mitochondrial	Neocalanus plumchrus	0	1	26	709	684
31	26	26	52.0	100.000	26	8.78e-04	0	0	100	100	Neocalanus plumchrus voucher LCS_05 cytochrome oxidase subunit 1 (COI) gene, partial cds; mitochondrial	Neocalanus plumchrus	0	1	26	709	684
31	26	26	52.0	100.000	26	8.78e-04	0	0	100	100	Sorex araneus isolate DM26 mitochondrion, partial genome	Sorex araneus	0	1	26	6078	6053
32	26	26	52.0	100.000	26	8.78e-04	0	0	100	100	Halomonas meridiana Slthf1 DNA, complete genome	Halomonas meridiana	0	1	26	1873421	1873446
32	26	26	52.0	100.000	26	8.78e-04	0	0	100	100	Paramoeba aparasomata mitochondrion, complete genome	Paramoeba aparasomata	0	1	26	21644	21619
32	26	26	52.0	100.000	26	8.78e-04	0	0	100	100	Sicarius fumosus isolate Sic560 cytochrome c oxidase subunit I gene, partial cds; mitochondrial	Sicarius fumosus	0	1	26	392	367
32	26	26	52.0	100.000	26	8.78e-04	0	0	100	100	Sicarius fumosus isolate Sic555 cytochrome c oxidase subunit I gene, partial cds; mitochondrial	Sicarius fumosus	0	1	26	392	367
32	26	26	52.0	100.000	26	8.78e-04	0	0	100	100	Toxarium undulatum strain ECT3802 mitochondrion, complete genome	Toxarium undulatum	0	1	26	10275	10250
32	26	26	52.0	100.000	26	8.78e-04	0	0	100	100	Toxarium undulatum strain ECT3802 mitochondrion, complete genome	Toxarium undulatum	0	1	26	10275	10250
32	26	26	52.0	100.000	26	8.78e-04	0	0	100	100	Draconarius transversus isolate ZZ492 cytochrome oxidase subunit I (COI) gene, partial cds; mitochondrial	Draconarius transversus	0	1	26	656	631
32	26	26	52.0	100.000	26	8.78e-04	0	0	100	100	Tigriopus japonicus isolate QD1 cytochrome oxidase subunit 1 (COI) gene, partial cds; mitochondrial	Tigriopus japonicus	0	1	26	695	670
32	26	26	52.0	100.000	26	8.78e-04	0	0	100	100	Synotaxus sp. LB-2014b cytochrome c oxidase subunit I (COI) gene, partial cds; mitochondrial	Synotaxus sp. LB-2014b	0	1	26	668	643
32	26	26	52.0	100.000	26	8.78e-04	0	0	100	100	Pseudoacanthocephalus lucidus mitochondrial COX1 gene for cytochrome c oxidase subunit 1, partial cds, sample code: 43/Ro/Misasa	Pseudoacanthocephalus lucidus	0	1	26	506	481
33	26	26	52.0	100.000	26	8.78e-04	0	0	100	100	Dermanyssus gallinae mitochondrial partial COI gene for cytochrome oxidase subunit 1, isolate Portugal2.3	Dermanyssus gallinae	0	1	26	379	354
33	26	26	52.0	100.000	26	8.78e-04	0	0	100	100	Dermanyssus gallinae mitochondrial partial COI gene for cytochrome oxidase subunit 1, isolate Portugal2.2	Dermanyssus gallinae	0	1	26	379	354
33	26	26	52.0	100.000	26	8.78e-04	0	0	100	100	Dermanyssus gallinae mitochondrial partial COI gene for cytochrome oxidase subunit 1, isolate Portugal1.4	Dermanyssus gallinae	0	1	26	379	354
33	26	26	52.0	100.000	26	8.78e-04	0	0	100	100	Dermanyssus gallinae mitochondrial partial COI gene for cytochrome oxidase subunit 1, isolate Portugal1.3	Dermanyssus gallinae	0	1	26	379	354
33	26	26	52.0	100.000	26	8.78e-04	0	0	100	100	Dermanyssus gallinae mitochondrial partial COI gene for cytochrome oxidase subunit 1, isolate Portugal1.2	Dermanyssus gallinae	0	1	26	379	354
33	26	26	52.0	100.000	26	8.78e-04	0	0	100	100	Dermanyssus gallinae mitochondrial partial COI gene for cytochrome oxidase subunit 1, isolate Portugal1.1	Dermanyssus gallinae	0	1	26	379	354
33	26	26	52.0	100.000	26	8.78e-04	0	0	100	100	Eurynassa australis mitochondrion, partial genome	Eurynassa australis	0	1	26	2164	2139
33	26	26	52.0	100.000	26	8.78e-04	0	0	100	100	Dermanyssus gallinae isolate DgFC01 cytochrome c oxidase subunit I (COX1) gene, partial cds; mitochondrial	Dermanyssus gallinae	0	1	26	457	432
33	26	26	52.0	100.000	26	8.78e-04	0	0	100	100	Polyrhachis andromache cytochrome oxidase subunit I gene, partial cds; mitochondrial	Polyrhachis andromache	0	1	26	374	349
33	26	26	52.0	100.000	26	8.78e-04	0	0	100	100	Robbea hypermnestra mitochondrial COI gene for cytochrome oxidase subunit 1, isolate Robbea hypermnestra 1385F	Robbea hypermnestra	0	1	26	725	700
34	26	26	52.0	100.000	26	8.78e-04	0	0	100	100	Gastrothylax crumenifer mitochondrion, complete genome	Gastrothylax crumenifer	0	1	26	8178	8153
34	26	26	52.0	100.000	26	8.78e-04	0	0	100	100	Ophiuroidea sp. RCMBAR877 voucher RCMBAR877 mitochondrion	Ophiuroidea sp. RCMBAR877	0	1	26	516	491
34	26	26	52.0	100.000	26	8.78e-04	0	0	100	100	Zeacumantus lutulentus haplotype 25 cytochrome c oxidase subunit I (COI) gene, partial cds; mitochondrial	Zeacumantus lutulentus	0	1	26	639	614
34	26	26	52.0	100.000	26	8.78e-04	0	0	100	100	Zeacumantus lutulentus haplotype 24 cytochrome c oxidase subunit I (COI) gene, partial cds; mitochondrial	Zeacumantus lutulentus	0	1	26	639	614
34	26	26	52.0	100.000	26	8.78e-04	0	0	100	100	Zeacumantus lutulentus haplotype 23 cytochrome c oxidase subunit I (COI) gene, partial cds; mitochondrial	Zeacumantus lutulentus	0	1	26	639	614
34	26	26	52.0	100.000	26	8.78e-04	0	0	100	100	Zeacumantus lutulentus haplotype 22 cytochrome c oxidase subunit I (COI) gene, partial cds; mitochondrial	Zeacumantus lutulentus	0	1	26	639	614
34	26	26	52.0	100.000	26	8.78e-04	0	0	100	100	Zeacumantus lutulentus haplotype 21 cytochrome c oxidase subunit I (COI) gene, partial cds; mitochondrial	Zeacumantus lutulentus	0	1	26	639	614
34	26	26	52.0	100.000	26	8.78e-04	0	0	100	100	Zeacumantus lutulentus haplotype 20 cytochrome c oxidase subunit I (COI) gene, partial cds; mitochondrial	Zeacumantus lutulentus	0	1	26	639	614
34	26	26	52.0	100.000	26	8.78e-04	0	0	100	100	Zeacumantus lutulentus haplotype 19 cytochrome c oxidase subunit I (COI) gene, partial cds; mitochondrial	Zeacumantus lutulentus	0	1	26	639	614
34	26	26	52.0	100.000	26	8.78e-04	0	0	100	100	Zeacumantus lutulentus haplotype 18 cytochrome c oxidase subunit I (COI) gene, partial cds; mitochondrial	Zeacumantus lutulentus	0	1	26	639	614
35	26	26	52.0	100.000	26	8.78e-04	0	0	100	100	Muscina stabulans isolate HN201912123 cytochrome oxidase subunit I (COI) gene, partial cds; mitochondrial	Muscina stabulans	0	1	26	59	34
35	26	26	52.0	100.000	26	8.78e-04	0	0	100	100	Sceleocantha sp. 4 MJ-2019 mitochondrion, partial genome	Sceleocantha sp. 4 MJ-2019	0	1	26	2148	2123
35	26	26	52.0	100.000	26	8.78e-04	0	0	100	100	Pullosquilla thomassini isolate LI15010_2 cytochrome oxidase subunit 1 (CO1) gene, partial cds; mitochondrial	Pullosquilla thomassini	0	1	26	705	680
35	26	26	52.0	100.000	26	8.78e-04	0	0	100	100	Cacopsylla heterogena isolate CHBT.5 cytochrome oxidase subunit I (COI) gene, partial cds; mitochondrial	Cacopsylla heterogena	0	1	26	492	467
35	26	26	52.0	100.000	26	8.78e-04	0	0	100	100	Cacopsylla heterogena isolate CHBT.12 cytochrome oxidase subunit I (COI) gene, partial cds; mitochondrial	Cacopsylla heterogena	0	1	26	489	464
35	26	26	52.0	100.000	26	8.78e-04	0	0	100	100	Cacopsylla heterogena isolate CHBT.11 cytochrome oxidase subunit I (COI) gene, partial cds; mitochondrial	Cacopsylla heterogena	0	1	26	494	469
35	26	26	52.0	100.000	26	8.78e-04	0	0	100	100	Cacopsylla heterogena isolate CHBT.10 cytochrome oxidase subunit I (COI) gene, partial cds; mitochondrial	Cacopsylla heterogena	0	1	26	489	464
35	26	26	52.0	100.000	26	8.78e-04	0	0	100	100	Cacopsylla heterogena isolate CHBT.9 cytochrome oxidase subunit I (COI) gene, partial cds; mitochondrial	Cacopsylla heterogena	0	1	26	491	466
35	26	26	52.0	100.000	26	8.78e-04	0	0	100	100	Cacopsylla heterogena isolate CHBT.6 cytochrome oxidase subunit I (COI) gene, partial cds; mitochondrial	Cacopsylla heterogena	0	1	26	488	463
35	26	26	52.0	100.000	26	8.78e-04	0	0	100	100	Cacopsylla heterogena isolate CHBT.4 cytochrome oxidase subunit I (COI) gene, partial cds; mitochondrial	Cacopsylla heterogena	0	1	26	488	463
36	26	26	52.0	100.000	26	8.78e-04	0	0	100	100	Kibramoa sp. SDSU 1878 cytochrome oxidase subunit I (COI) gene, partial cds; mitochondrial	Kibramoa sp. SDSU 1878	0	1	26	686	661
36	26	26	52.0	100.000	26	8.78e-04	0	0	100	100	Lepocreadium setiferoides haplotype LSE_HAP30 cytochrome oxidase subunit I (COI) gene, partial cds; mitochondrial	Lepocreadium setiferoides	0	1	26	339	314
36	26	26	52.0	100.000	26	8.78e-04	0	0	100	100	Lepocreadium setiferoides haplotype LSE_HAP11 cytochrome oxidase subunit I (COI) gene, partial cds; mitochondrial	Lepocreadium setiferoides	0	1	26	339	314
36	26	26	52.0	100.000	26	8.78e-04	0	0	100	100	Lepocreadium setiferoides haplotype LSE_HAP19 cytochrome oxidase subunit I (COI) gene, partial cds; mitochondrial	Lepocreadium setiferoides	0	1	26	339	314
36	26	26	52.0	100.000	26	8.78e-04	0	0	100	100	Lepocreadium setiferoides haplotype LSE_HAP4 cytochrome oxidase subunit I (COI) gene, partial cds; mitochondrial	Lepocreadium setiferoides	0	1	26	339	314
36	26	26	52.0	100.000	26	8.78e-04	0	0	100	100	Lepocreadium setiferoides haplotype LSE_HAP13 cytochrome oxidase subunit I (COI) gene, partial cds; mitochondrial	Lepocreadium setiferoides	0	1	26	339	314
36	26	26	52.0	100.000	26	8.78e-04	0	0	100	100	Globodera mexicana isolate CD2792b cytochrome c oxidase subunit I (COI) gene, partial cds; mitochondrial	Globodera mexicana	0	1	26	50	25
36	26	26	52.0	100.000	26	8.78e-04	0	0	100	100	Globodera mexicana isolate CD514 cytochrome c oxidase subunit I (COI) gene, partial cds; mitochondrial	Globodera mexicana	0	1	26	50	25
36	26	26	52.0	100.000	26	8.78e-04	0	0	100	100	Orbicella franksi strain Pa01-5 mitochondrion, complete genome	Orbicella franksi	0	1	26	14408	14383
36	26	26	52.0	100.000	26	8.78e-04	0	0	100	100	Haplorchis taichui isolate QT3 mitochondrion, complete genome	Haplorchis taichui	0	1	26	7542	7517
37	26	26	52.0	100.000	26	8.78e-04	0	0	100	100	Simocephalus serrulatus genomic DNA containing mtDNA region, isolate OM-SAIQ-clone2	Simocephalus serrulatus	0	1	26	12772	12797
37	26	26	52.0	100.000	26	8.78e-04	0	0	100	100	Scirtidae sp. BMNH 1274304 mitochondrion, partial genome	Scirtidae sp. BMNH 1274304	0	1	26	13240	13265
37	26	26	52.0	100.000	26	8.78e-04	0	0	100	100	Acrotona obfuscata mitochondrion, partial genome	Acrotona obfuscata	0	1	26	1668	1693
37	26	26	52.0	100.000	26	8.78e-04	0	0	100	100	TPA_asm: Solenopsis geminata mitochondrion sequence	Solenopsis geminata	0	1	26	1781	1806
37	26	26	52.0	100.000	26	8.78e-04	0	0	100	100	Anthocharis cardamines genome assembly, organelle: mitochondrion	Anthocharis cardamines	0	1	26	12394	12419
37	26	26	52.0	100.000	26	8.78e-04	0	0	100	100	Anthocharis cardamines genome assembly, chromosome: 2	Anthocharis cardamines	0	1	26	2005714	2005739
37	26	26	52.0	100.000	26	8.78e-04	0	0	100	100	Cynopoecilus melanotaenia isolate P22 cytochrome c oxidase subunit I (COI) gene, partial cds; mitochondrial	Cynopoecilus melanotaenia	0	1	26	648	623
37	26	26	52.0	100.000	26	8.78e-04	0	0	100	100	Cynopoecilus melanotaenia isolate P8 cytochrome c oxidase subunit I (COI) gene, partial cds; mitochondrial	Cynopoecilus melanotaenia	0	1	26	648	623
37	26	26	52.0	100.000	26	8.78e-04	0	0	100	100	Cynopoecilus melanotaenia isolate 22T4 voucher MCT-PUCRS 54235 cytochrome c oxidase subunit I (COI) gene, partial cds; mitochondrial	Cynopoecilus melanotaenia	0	1	26	648	623
37	26	26	52.0	100.000	26	8.78e-04	0	0	100	100	Cynopoecilus sp. X7 voucher MCT-PUCRS 54253 cytochrome c oxidase subunit I (COI) gene, partial cds; mitochondrial	Cynopoecilus sp. X7	0	1	26	648	623
38	26	26	52.0	100.000	26	8.78e-04	0	0	100	100	Plesionika acanthonotus voucher MNRJ21829 cytochrome oxidase subunit I (COI) gene, partial cds; mitochondrial	Plesionika acanthonotus	0	1	26	153	128
38	26	26	52.0	100.000	26	8.78e-04	0	0	100	100	Plesionika acanthonotus voucher MNRJ23387.4 cytochrome oxidase subunit I (COI) gene, partial cds; mitochondrial	Plesionika acanthonotus	0	1	26	153	128
38	26	26	52.0	100.000	26	8.78e-04	0	0	100	100	Plesionika acanthonotus voucher MNRJ23387.3 cytochrome oxidase subunit I (COI) gene, partial cds; mitochondrial	Plesionika acanthonotus	0	1	26	153	128
38	26	26	52.0	100.000	26	8.78e-04	0	0	100	100	Plesionika acanthonotus voucher MNRJ23387.2 cytochrome oxidase subunit I (COI) gene, partial cds; mitochondrial	Plesionika acanthonotus	0	1	26	153	128
38	26	26	52.0	100.000	26	8.78e-04	0	0	100	100	Dipteromimus tipuliformis 16803 mitochondrial COX1 gene for cytochrome c oxidase subunit 1, partial cds	Dipteromimus tipuliformis	0	1	26	632	607
38	26	26	52.0	100.000	26	8.78e-04	0	0	100	100	Dipteromimus tipuliformis 16802 mitochondrial COX1 gene for cytochrome c oxidase subunit 1, partial cds	Dipteromimus tipuliformis	0	1	26	632	607
38	26	26	52.0	100.000	26	8.78e-04	0	0	100	100	Dipteromimus tipuliformis 16475 mitochondrial COX1 gene for cytochrome c oxidase subunit 1, partial cds	Dipteromimus tipuliformis	0	1	26	632	607
38	26	26	52.0	100.000	26	8.78e-04	0	0	100	100	Dipteromimus tipuliformis 16474 mitochondrial COX1 gene for cytochrome c oxidase subunit 1, partial cds	Dipteromimus tipuliformis	0	1	26	632	607
38	26	26	52.0	100.000	26	8.78e-04	0	0	100	100	Dipteromimus tipuliformis 16473 mitochondrial COX1 gene for cytochrome c oxidase subunit 1, partial cds	Dipteromimus tipuliformis	0	1	26	632	607
38	26	26	52.0	100.000	26	8.78e-04	0	0	100	100	Dipteromimus tipuliformis 16472 mitochondrial COX1 gene for cytochrome c oxidase subunit 1, partial cds	Dipteromimus tipuliformis	0	1	26	632	607
39	26	26	52.0	100.000	26	8.78e-04	0	0	100	100	Philonthus cognatus genome assembly, organelle: mitochondrion	Philonthus cognatus	0	1	26	4193	4218
39	26	26	52.0	100.000	26	8.78e-04	0	0	100	100	Cystobasidium sp. mitochondrion, complete genome	Cystobasidium sp.	0	1	26	737	712
39	26	26	52.0	100.000	26	8.78e-04	0	0	100	100	Gymnothorax minor mitochondrion, complete genome	Gymnothorax minor	0	1	26	6157	6132
39	26	26	52.0	100.000	26	8.78e-04	0	0	100	100	Schizothorax progastus isolate S_11_FWP cytochrome c oxidase subunit 1 (COX1) gene, partial cds; mitochondrial	Schizothorax progastus	0	1	26	624	599
39	26	26	52.0	100.000	26	8.78e-04	0	0	100	100	Schizothorax plagiostomus cytochrome c oxidase subunit 1 (COX1) gene, partial cds; mitochondrial	Schizothorax plagiostomus	0	1	26	624	599
39	26	26	52.0	100.000	26	8.78e-04	0	0	100	100	Schizothorax davidi mitochondrion, complete genome	Schizothorax davidi	0	1	26	6206	6181
39	26	26	52.0	100.000	26	8.78e-04	0	0	100	100	Drilaster sp. FM16 mitochondrion	Drilaster sp. FM16	0	1	26	2489	2464
39	26	26	52.0	100.000	26	8.78e-04	0	0	100	100	Proasellus racovitzai genome assembly, organelle: mitochondrion	Proasellus racovitzai	0	1	26	8464	8439
39	26	26	52.0	100.000	26	8.78e-04	0	0	100	100	Schizopygopsis malacanthus isolate 3 cytochrome oxidase subunit I (COX1) gene, partial cds; mitochondrial	Schizopygopsis malacanthus	0	1	26	608	583
39	26	26	52.0	100.000	26	8.78e-04	0	0	100	100	Schizopyge dolichonema isolate 2 cytochrome oxidase subunit I (COX1) gene, partial cds; mitochondrial	Schizopyge dolichonema	0	1	26	608	583
40	26	26	52.0	100.000	26	8.78e-04	0	0	100	100	Phytophthora elongata strain VHS13483 cytochrome oxidase subunit 1 (cox1) gene, partial cds; mitochondrial	Phytophthora elongata	0	1	26	713	688
40	26	26	52.0	100.000	26	8.78e-04	0	0	100	100	Pinnularia borealis complex sp. voucher TAS17_69_03 cytochrome oxidase subunit 1 (COI) gene, partial cds; mitochondrial	Pinnularia borealis complex sp.	0	1	26	451	426
40	26	26	52.0	100.000	26	8.78e-04	0	0	100	100	Pinnularia borealis voucher (Mo1)f cytochrome oxidase subunit 1 (COI) gene, partial cds; mitochondrial	Pinnularia borealis	0	1	26	533	508
40	26	26	52.0	100.000	26	8.78e-04	0	0	100	100	Pinnularia borealis complex sp. voucher TAS17_74_10 cytochrome oxidase subunit 1 (COI) gene, partial cds; mitochondrial	Pinnularia borealis complex sp.	0	1	26	470	445
40	26	26	52.0	100.000	26	8.78e-04	0	0	100	100	Spirometra decipiens isolate SdUSA cytochrome c oxidase subunit I (COX1) gene, complete cds; mitochondrial	Spirometra decipiens	0	1	26	731	706
40	26	26	52.0	100.000	26	8.78e-04	0	0	100	100	Diplostomum sp. 16 OK-2019 isolate DPP2B cytochrome c oxidase subunit I (COX1) gene, partial cds; mitochondrial	Diplostomum sp. 16 OK-2019	0	1	26	596	571
40	26	26	52.0	100.000	26	8.78e-04	0	0	100	100	Trypetoptera punctulata mitochondrion, complete genome	Trypetoptera punctulata	0	1	26	2130	2105
40	26	26	52.0	100.000	26	8.78e-04	0	0	100	100	Brugia malayi cytochrome c oxidase subunit I gene, partial cds; mitochondrial	Brugia malayi	0	1	26	500	475
40	26	26	52.0	100.000	26	8.78e-04	0	0	100	100	Tetraselmis sp. CCMP 881 mitochondrion, complete genome	Tetraselmis sp. CCMP 881	0	1	26	42129	42154
40	26	26	52.0	100.000	26	8.78e-04	0	0	100	100	Pediastrum duplex mitochondrion, complete genome	Pediastrum duplex	0	1	26	7632	7657
41	26	26	52.0	100.000	26	8.78e-04	0	0	100	100	Culicoides orientalis voucher VNMC29 cytochrome oxidase subunit I (COI) gene, partial cds; mitochondrial	Culicoides orientalis	0	1	26	494	469
41	26	26	52.0	100.000	26	8.78e-04	0	0	100	100	Culicoides obscurus voucher AUMN02 cytochrome oxidase subunit I (COI) gene, partial cds; mitochondrial	Culicoides obscurus	0	1	26	494	469
41	26	26	52.0	100.000	26	8.78e-04	0	0	100	100	Culicoides obscurus voucher AUMN01 cytochrome oxidase subunit I (COI) gene, partial cds; mitochondrial	Culicoides obscurus	0	1	26	494	469
41	26	26	52.0	100.000	26	8.78e-04	0	0	100	100	Culicoides miombo voucher CMGB07 cytochrome oxidase subunit I (COI) gene, partial cds; mitochondrial	Culicoides miombo	0	1	26	494	469
41	26	26	52.0	100.000	26	8.78e-04	0	0	100	100	Culicoides imicola voucher ETFR04 cytochrome oxidase subunit I (COI) gene, partial cds; mitochondrial	Culicoides imicola	0	1	26	494	469
41	26	26	52.0	100.000	26	8.78e-04	0	0	100	100	Culicoides imicola voucher ETFR03 cytochrome oxidase subunit I (COI) gene, partial cds; mitochondrial	Culicoides imicola	0	1	26	494	469
41	26	26	52.0	100.000	26	8.78e-04	0	0	100	100	Culicoides imicola voucher ETFR01 cytochrome oxidase subunit I (COI) gene, partial cds; mitochondrial	Culicoides imicola	0	1	26	494	469
41	26	26	52.0	100.000	26	8.78e-04	0	0	100	100	Culicoides imicola voucher CMGB06 cytochrome oxidase subunit I (COI) gene, partial cds; mitochondrial	Culicoides imicola	0	1	26	494	469
41	26	26	52.0	100.000	26	8.78e-04	0	0	100	100	Culicoides imicola voucher CMGB03 cytochrome oxidase subunit I (COI) gene, partial cds; mitochondrial	Culicoides imicola	0	1	26	494	469
41	26	26	52.0	100.000	26	8.78e-04	0	0	100	100	Culicoides imicola voucher CMGB01 cytochrome oxidase subunit I (COI) gene, partial cds; mitochondrial	Culicoides imicola	0	1	26	494	469
42	26	26	52.0	100.000	26	8.78e-04	0	0	100	100	Platycnemis phyllopoda mitochondrion, partial genome	Platycnemis phyllopoda	0	1	26	2146	2121
42	26	26	52.0	100.000	26	8.78e-04	0	0	100	100	Daphnia similis genomic DNA containing mtDNA region, isolate CA-CBC-38	Daphnia similis	0	1	26	12935	12960
42	26	26	52.0	100.000	26	8.78e-04	0	0	100	100	Daphnia similis genomic DNA containing mtDNA region, isolate CA-CBC-37	Daphnia similis	0	1	26	13755	13780
42	26	26	52.0	100.000	26	8.78e-04	0	0	100	100	Daphnia similis genomic DNA containing mtDNA region, isolate CA-CBC-34	Daphnia similis	0	1	26	12935	12960
42	26	26	52.0	100.000	26	8.78e-04	0	0	100	100	Daphnia similis genomic DNA containing mtDNA region, isolate CA-CBC-31	Daphnia similis	0	1	26	12935	12960
42	26	26	52.0	100.000	26	8.78e-04	0	0	100	100	Pseudopleuronectes schrenki voucher ZMFESU 46925 cytochrome c oxidase subunit 1 (COI) gene, complete cds; mitochondrial	Pseudopleuronectes schrenki	0	1	26	731	706
42	26	26	52.0	100.000	26	8.78e-04	0	0	100	100	Pseudopleuronectes schrenki voucher ZMFESU 46924 cytochrome c oxidase subunit 1 (COI) gene, complete cds; mitochondrial	Pseudopleuronectes schrenki	0	1	26	731	706
42	26	26	52.0	100.000	26	8.78e-04	0	0	100	100	Pseudopleuronectes obscurus voucher ZMFESU 46947 cytochrome c oxidase subunit 1 (COI) gene, complete cds; mitochondrial	Pseudopleuronectes obscurus	0	1	26	731	706
42	26	26	52.0	100.000	26	8.78e-04	0	0	100	100	Pseudopleuronectes obscurus voucher ZMFESU 46946 cytochrome c oxidase subunit 1 (COI) gene, complete cds; mitochondrial	Pseudopleuronectes obscurus	0	1	26	731	706
42	26	26	52.0	100.000	26	8.78e-04	0	0	100	100	Dictyonella incisa voucher Po.25919 cytochrome c oxidase subunit 1 (COI) gene, partial cds; mitochondrial	Dictyonella incisa	0	1	26	674	649
43	26	26	52.0	100.000	26	8.78e-04	0	0	100	100	Phaolus metallicus mitochondrion, partial genome	Phaolus metallicus	0	1	26	2137	2112
43	26	26	52.0	100.000	26	8.78e-04	0	0	100	100	Fruhstorferiola omei mitochondrion, complete genome	Fruhstorferiola omei	0	1	26	2151	2126
43	26	26	52.0	100.000	26	8.78e-04	0	0	100	100	Indopodisma kingdoni mitochondrion, complete genome	Indopodisma kingdoni	0	1	26	2148	2123
43	26	26	52.0	100.000	26	8.78e-04	0	0	100	100	Fruhstorferiola omei mitochondrion, complete genome	Fruhstorferiola omei	0	1	26	2151	2126
43	26	26	52.0	100.000	26	8.78e-04	0	0	100	100	Indopodisma kingdoni mitochondrion, complete genome	Indopodisma kingdoni	0	1	26	2148	2123
43	26	26	52.0	100.000	26	8.78e-04	0	0	100	100	Cordyceps farinosa strain ARSEF 3 mitochondrion, complete genome	Cordyceps farinosa	0	1	26	14139	14114
43	26	26	52.0	100.000	26	8.78e-04	0	0	100	100	Platycampus luridiventris voucher DEI:DEI-GISHym21497 cytochrome c oxidase subunit I (cox1) gene, partial cds; mitochondrial	Platycampus luridiventris	0	1	26	684	659
43	26	26	52.0	100.000	26	8.78e-04	0	0	100	100	Nonnullidens sp. 29 CSC-2019 voucher NO3_PNG87_1 cytochrome oxidase subunit 1 (COI) gene, partial cds; mitochondrial	Nonnullidens sp. 29 CSC-2019	0	1	26	455	430
43	26	26	52.0	100.000	26	8.78e-04	0	0	100	100	Amphinemura yao mitochondrion, complete genome	Amphinemura yao	0	1	26	2184	2159
43	26	26	52.0	100.000	26	8.78e-04	0	0	100	100	Iotarphia australis isolate CNUIC0329 cytochrome oxidase subunit I (CO1) gene, partial cds; mitochondrial	Iotarphia australis	0	1	26	650	625
44	26	26	52.0	100.000	26	8.78e-04	0	0	100	100	Megathylacoides giganteum isolate US 687b-4 cytochrome c oxidase subunit I (COX1) gene, complete cds; mitochondrial	Megathylacoides giganteum	0	1	26	731	706
44	26	26	52.0	100.000	26	8.78e-04	0	0	100	100	Megathylacoides giganteum isolate US 687b-2 cytochrome c oxidase subunit I (COX1) gene, complete cds; mitochondrial	Megathylacoides giganteum	0	1	26	731	706
44	26	26	52.0	100.000	26	8.78e-04	0	0	100	100	Megathylacoides giganteum isolate US 687b-1 cytochrome c oxidase subunit I (COX1) gene, complete cds; mitochondrial	Megathylacoides giganteum	0	1	26	731	706
44	26	26	52.0	100.000	26	8.78e-04	0	0	100	100	Megathylacoides giganteum isolate US 685a-6 cytochrome c oxidase subunit I (COX1) gene, complete cds; mitochondrial	Megathylacoides giganteum	0	1	26	731	706
44	26	26	52.0	100.000	26	8.78e-04	0	0	100	100	Megathylacoides giganteum isolate US 685a-4 cytochrome c oxidase subunit I (COX1) gene, complete cds; mitochondrial	Megathylacoides giganteum	0	1	26	731	706
44	26	26	52.0	100.000	26	8.78e-04	0	0	100	100	Megathylacoides giganteum isolate US 685a-1 cytochrome c oxidase subunit I (COX1) gene, complete cds; mitochondrial	Megathylacoides giganteum	0	1	26	731	706
44	26	26	52.0	100.000	26	8.78e-04	0	0	100	100	Pinnularia borealis complex sp. voucher ICE16_02_09 cytochrome oxidase subunit 1 (COI) gene, partial cds; mitochondrial	Pinnularia borealis complex sp.	0	1	26	511	486
44	26	26	52.0	100.000	26	8.78e-04	0	0	100	100	Pinnularia borealis complex sp. voucher ZAC15_01B_17 cytochrome oxidase subunit 1 (COI) gene, partial cds; mitochondrial	Pinnularia borealis complex sp.	0	1	26	533	508
44	26	26	52.0	100.000	26	8.78e-04	0	0	100	100	Pinnularia borealis complex sp. voucher ICE16_02_17 cytochrome oxidase subunit 1 (COI) gene, partial cds; mitochondrial	Pinnularia borealis complex sp.	0	1	26	353	328
44	26	26	52.0	100.000	26	8.78e-04	0	0	100	100	Pinnularia borealis complex sp. voucher DEC15_S11_04 cytochrome oxidase subunit 1 (COI) gene, partial cds; mitochondrial	Pinnularia borealis complex sp.	0	1	26	533	508
45	26	26	52.0	100.000	26	8.78e-04	0	0	100	100	Scolytodes discriminatus voucher CtSct29 cytochrome c oxidase subunit I (COX1) gene, partial cds; mitochondrial	Scolytodes discriminatus	0	1	26	464	439
45	26	26	52.0	100.000	26	8.78e-04	0	0	100	100	Culicoides pusillus voucher GPSL01 cytochrome oxidase subunit I (COI) gene, partial cds; mitochondrial	Culicoides pusillus	0	1	26	494	469
45	26	26	52.0	100.000	26	8.78e-04	0	0	100	100	Culicoides pusillus voucher GFMC01 cytochrome oxidase subunit I (COI) gene, partial cds; mitochondrial	Culicoides pusillus	0	1	26	494	469
45	26	26	52.0	100.000	26	8.78e-04	0	0	100	100	Culicoides imicola voucher RESP01 cytochrome oxidase subunit I (COI) gene, partial cds; mitochondrial	Culicoides imicola	0	1	26	494	469
45	26	26	52.0	100.000	26	8.78e-04	0	0	100	100	Culicoides imicola voucher MUMD04 cytochrome oxidase subunit I (COI) gene, partial cds; mitochondrial	Culicoides imicola	0	1	26	494	469
45	26	26	52.0	100.000	26	8.78e-04	0	0	100	100	Culicoides imicola voucher MUMD02 cytochrome oxidase subunit I (COI) gene, partial cds; mitochondrial	Culicoides imicola	0	1	26	494	469
45	26	26	52.0	100.000	26	8.78e-04	0	0	100	100	Culicoides imicola voucher MGBN08 cytochrome oxidase subunit I (COI) gene, partial cds; mitochondrial	Culicoides imicola;Culicoides nudipalpis	0	1	26	494	469
45	26	26	52.0	100.000	26	8.78e-04	0	0	100	100	Culicoides imicola voucher MGBN01 cytochrome oxidase subunit I (COI) gene, partial cds; mitochondrial	Culicoides imicola	0	1	26	494	469
45	26	26	52.0	100.000	26	8.78e-04	0	0	100	100	Culicoides imicola voucher ETRM08 cytochrome oxidase subunit I (COI) gene, partial cds; mitochondrial	Culicoides imicola	0	1	26	494	469
45	26	26	52.0	100.000	26	8.78e-04	0	0	100	100	Culicoides imicola voucher ETRM02 cytochrome oxidase subunit I (COI) gene, partial cds; mitochondrial	Culicoides imicola	0	1	26	494	469
46	26	26	52.0	100.000	26	8.78e-04	0	0	100	100	Globodera pallida isolate CD2558a cytochrome c oxidase subunit I (COI) gene, partial cds; mitochondrial	Globodera pallida	0	1	26	50	25
46	26	26	52.0	100.000	26	8.78e-04	0	0	100	100	Globodera pallida isolate CD2558c cytochrome c oxidase subunit I (COI) gene, partial cds; mitochondrial	Globodera pallida	0	1	26	50	25
46	26	26	52.0	100.000	26	8.78e-04	0	0	100	100	Chloroparvula japonica culture RCC:2339 mitochondrion, complete genome	Chloroparvula japonica	0	1	26	27309	27284
46	26	26	52.0	100.000	26	8.78e-04	0	0	100	100	Crocidura fuliginosa mitochondrion, complete genome	Crocidura fuliginosa	0	1	26	6089	6064
46	26	26	52.0	100.000	26	8.78e-04	0	0	100	100	Chloroparvula japonica mitochondrion, complete genome	Chloroparvula japonica	0	1	26	27309	27284
46	26	26	52.0	100.000	26	8.78e-04	0	0	100	100	Hypomesus japonicus isolate 392Hj3 mitochondrion, complete genome	Hypomesus japonicus	0	1	26	6224	6199
46	26	26	52.0	100.000	26	8.78e-04	0	0	100	100	Hypomesus japonicus isolate 390Hj1 mitochondrion, complete genome	Hypomesus japonicus	0	1	26	6224	6199
46	26	26	52.0	100.000	26	8.78e-04	0	0	100	100	Spheciospongia solida isolate SPO2 cytochrome oxidase subunit I (COI) gene, partial cds; mitochondrial	Spheciospongia solida	0	1	26	684	659
46	26	26	52.0	100.000	26	8.78e-04	0	0	100	100	Epigonichthys maldivensis mitochondrial DNA, complete sequence, isolate: Em-4	Epigonichthys maldivensis	0	1	26	728	703
46	26	26	52.0	100.000	26	8.78e-04	0	0	100	100	Epigonichthys maldivensis mitochondrial DNA, complete sequence, isolate: Em-3	Epigonichthys maldivensis	0	1	26	728	703
47	26	26	52.0	100.000	26	8.78e-04	0	0	100	100	Mus musculus voucher MA364 mitochondrion, complete genome	Mus musculus	0	1	26	6058	6033
47	26	26	52.0	100.000	26	8.78e-04	0	0	100	100	Mus musculus voucher 240 cytochrome oxidase subunit I (Cox1) gene, partial cds; mitochondrial	Mus musculus	0	1	26	731	706
47	26	26	52.0	100.000	26	8.78e-04	0	0	100	100	Mus musculus voucher 126 cytochrome oxidase subunit I (Cox1) gene, partial cds; mitochondrial	Mus musculus	0	1	26	731	706
47	26	26	52.0	100.000	26	8.78e-04	0	0	100	100	Mus musculus domesticus voucher SBP14 cytochrome oxidase subunit I (Cox1) gene, partial cds; mitochondrial	Mus musculus domesticus	0	1	26	731	706
47	26	26	52.0	100.000	26	8.78e-04	0	0	100	100	Mus musculus domesticus voucher SBP1 cytochrome oxidase subunit I (Cox1) gene, partial cds; mitochondrial	Mus musculus domesticus	0	1	26	731	706
47	26	26	52.0	100.000	26	8.78e-04	0	0	100	100	Mus musculus gansuensis voucher 425 cytochrome oxidase subunit I (Cox1) gene, partial cds; mitochondrial	Mus musculus gansuensis	0	1	26	731	706
47	26	26	52.0	100.000	26	8.78e-04	0	0	100	100	Mus musculus gansuensis voucher 424 cytochrome oxidase subunit I (Cox1) gene, partial cds; mitochondrial	Mus musculus gansuensis	0	1	26	731	706
47	26	26	52.0	100.000	26	8.78e-04	0	0	100	100	Mus musculus wagneri voucher 24330 cytochrome oxidase subunit I (Cox1) gene, partial cds; mitochondrial	Mus musculus wagneri	0	1	26	731	706
47	26	26	52.0	100.000	26	8.78e-04	0	0	100	100	Mus musculus gansuensis voucher 447 cytochrome oxidase subunit I (Cox1) gene, partial cds; mitochondrial	Mus musculus gansuensis	0	1	26	731	706
47	26	26	52.0	100.000	26	8.78e-04	0	0	100	100	Mus musculus musculus voucher 26258 cytochrome oxidase subunit I (Cox1) gene, partial cds; mitochondrial	Mus musculus musculus	0	1	26	731	706
