0	26	26	52.0	100.000	26	8.78e-04	0	0	100	100	PREDICTED: Sus scrofa uncharacterized LOC102159995 (LOC102159995), transcript variant X6, ncRNA	Sus scrofa	0	1	26	2224	2249
0	26	26	52.0	100.000	26	8.78e-04	0	0	100	100	PREDICTED: Sus scrofa uncharacterized LOC102159995 (LOC102159995), transcript variant X5, ncRNA	Sus scrofa	0	1	26	2272	2297
0	26	26	52.0	100.000	26	8.78e-04	0	0	100	100	PREDICTED: Sus scrofa uncharacterized LOC102159995 (LOC102159995), transcript variant X4, ncRNA	Sus scrofa	0	1	26	3260	3285
0	26	26	52.0	100.000	26	8.78e-04	0	0	100	100	PREDICTED: Sus scrofa uncharacterized LOC102159995 (LOC102159995), transcript variant X3, ncRNA	Sus scrofa	0	1	26	2204	2229
0	26	26	52.0	100.000	26	8.78e-04	0	0	100	100	PREDICTED: Sus scrofa uncharacterized LOC102159995 (LOC102159995), transcript variant X2, ncRNA	Sus scrofa	0	1	26	2061	2086
0	26	26	52.0	100.000	26	8.78e-04	0	0	100	100	PREDICTED: Sus scrofa uncharacterized LOC102159995 (LOC102159995), transcript variant X1, ncRNA	Sus scrofa	0	1	26	2205	2230
0	26	26	52.0	100.000	26	8.78e-04	0	0	100	100	Homo sapiens insulin like 6 (INSL6), RefSeqGene on chromosome 9	Homo sapiens	0	1	26	93326	93351
0	26	26	52.0	100.000	26	8.78e-04	0	0	100	100	Hydrophilidae sp. BMNH 1274333 mitochondrion	Hydrophilidae sp. BMNH 1274333	0	1	26	13133	13158
0	26	26	52.0	100.000	26	8.78e-04	0	0	100	100	Cyanea tzetlinii voucher WS3077 cytochrome oxidase subunit I (COI) gene, partial cds; mitochondrial	Cyanea tzetlinii	0	1	26	1	26
0	26	26	52.0	100.000	26	8.78e-04	0	0	100	100	Cheilosia vulpina genome assembly, chromosome: 4	Cheilosia vulpina	0	1	26	29010245	29010270
0	20	16	32.2	95.000	19	815	0	0	100	77	Cheilosia vulpina genome assembly, chromosome: 4	Cheilosia vulpina	1	1	20	57318959	57318940
1	26	26	52.0	100.000	26	8.78e-04	0	0	100	100	Deilephila porcellus genome assembly, organelle: mitochondrion	Deilephila porcellus	0	1	26	4146	4171
1	26	26	52.0	100.000	26	8.78e-04	0	0	100	100	Homo sapiens isolate PNG117 haplogroup Q1 mitochondrion, complete genome	Homo sapiens	0	1	26	6633	6608
1	26	26	52.0	100.000	26	8.78e-04	0	0	100	100	Homo sapiens isolate PM74 haplogroup Q1 mitochondrion, complete genome	Homo sapiens	0	1	26	6631	6606
1	26	26	52.0	100.000	26	8.78e-04	0	0	100	100	Homo sapiens isolate NU53 haplogroup Q1 mitochondrion, complete genome	Homo sapiens	0	1	26	6634	6609
1	26	26	52.0	100.000	26	8.78e-04	0	0	100	100	Bathyraja eatonii mitochondrion, complete genome	Bathyraja eatonii	0	1	26	6960	6935
1	26	26	52.0	100.000	26	8.78e-04	0	0	100	100	Acanthopleura echinata mitochondrion, partial genome	Acanthopleura echinata	0	1	26	3255	3230
1	26	26	52.0	100.000	26	8.78e-04	0	0	100	100	Homo sapiens isolate K0043 haplogroup Q1 mitochondrion, complete genome	Homo sapiens	0	1	26	6634	6609
1	26	26	52.0	100.000	26	8.78e-04	0	0	100	100	Homo sapiens isolate NG2096 haplogroup Q1 mitochondrion, complete genome	Homo sapiens	0	1	26	6635	6610
1	26	26	52.0	100.000	26	8.78e-04	0	0	100	100	Homo sapiens isolate NA0345 haplogroup Q1 mitochondrion, complete genome	Homo sapiens	0	1	26	6634	6609
1	26	26	52.0	100.000	26	8.78e-04	0	0	100	100	Homo sapiens isolate KAW0037 haplogroup Q1 mitochondrion, complete genome	Homo sapiens	0	1	26	6634	6609
2	26	26	52.0	100.000	26	8.78e-04	0	0	100	100	TPA_asm: Temnothorax tricarinatus mitochondrion sequence	Temnothorax tricarinatus	0	1	26	7023	7048
2	26	26	52.0	100.000	26	8.78e-04	0	0	100	100	TPA_asm: Cyphomyrmex costatus mitochondrion sequence	Cyphomyrmex costatus	0	1	26	3559	3584
2	26	26	52.0	100.000	26	8.78e-04	0	0	100	100	Odorrana grahami mitochondrion, complete genome	Odorrana grahami	0	1	26	11627	11652
2	26	26	52.0	100.000	26	8.78e-04	0	0	100	100	Iphisa elegans voucher IPHFG mitochondrion, complete genome	Iphisa elegans	0	1	26	5871	5846
2	26	26	52.0	100.000	26	8.78e-04	0	0	100	100	Mus baoulei voucher MNHN-ZM-2010-74 mitochondrion, complete genome	Mus baoulei	0	1	26	6047	6022
2	26	26	52.0	100.000	26	8.78e-04	0	0	100	100	Bactericera nigricornis voucher 170324.B.nig.22 cytochrome c oxidase subunit 1 (COI) gene, partial cds; mitochondrial	Bactericera nigricornis	0	1	26	495	470
2	26	26	52.0	100.000	26	8.78e-04	0	0	100	100	Bactericera nigricornis voucher 170324.B.nig.18 cytochrome c oxidase subunit 1 (COI) gene, partial cds; mitochondrial	Bactericera nigricornis	0	1	26	495	470
2	26	26	52.0	100.000	26	8.78e-04	0	0	100	100	Ochotona thibetana voucher LJS024 mitochondrion, partial genome	Ochotona thibetana	0	1	26	6069	6044
2	26	26	52.0	100.000	26	8.78e-04	0	0	100	100	Ochotona thibetana voucher XLH2007E01 mitochondrion, partial genome	Ochotona thibetana	0	1	26	6068	6043
2	26	26	52.0	100.000	26	8.78e-04	0	0	100	100	Ochotona thibetana voucher BCP0811 mitochondrion, partial genome	Ochotona thibetana	0	1	26	6068	6043
3	26	26	52.0	100.000	26	8.78e-04	0	0	100	100	Streptopelia capicola voucher NMK:ORN:60103 cytochrome oxidase subunit 1 (COI) gene, partial cds; mitochondrial	Streptopelia capicola	0	1	26	681	656
3	26	26	52.0	100.000	26	8.78e-04	0	0	100	100	Gadus chalcogrammus voucher UW150627 mitochondrion, complete genome	Gadus chalcogrammus	0	1	26	6175	6150
3	26	26	52.0	100.000	26	8.78e-04	0	0	100	100	Psammobates oculifer mitochondrion genomic DNA containing trnF-trnT (including all 13 CDS) region, specimen voucher MTD T 18196	Psammobates oculiferus	0	1	26	6084	6059
3	26	26	52.0	100.000	26	8.78e-04	0	0	100	100	Lophius piscatorius mitochondrion, complete genome	Lophius piscatorius	0	1	26	6193	6168
3	26	26	52.0	100.000	26	8.78e-04	0	0	100	100	Leiopotherapon unicolor mitochondrion, complete genome	Leiopotherapon unicolor	0	1	26	6239	6214
3	26	26	52.0	100.000	26	8.78e-04	0	0	100	100	Sorex roboratus isolate MG1405SS040 cytochrome oxidase subunit 1 (COX1) gene, complete cds; mitochondrial	Sorex roboratus	0	1	26	731	706
3	26	26	52.0	100.000	26	8.78e-04	0	0	100	100	Crossoptilon mantchuricum strain LG1-D cytochrome oxidase subunit I (COI) gene, partial cds; mitochondrial	Crossoptilon mantchuricum	0	1	26	603	578
3	26	26	52.0	100.000	26	8.78e-04	0	0	100	100	Streptopelia decaocto mitochondrion, complete genome	Streptopelia decaocto	0	1	26	6114	6089
3	26	26	52.0	100.000	26	8.78e-04	0	0	100	100	Lophius piscatorius mitochondrion, complete genome	Lophius piscatorius	0	1	26	6194	6169
3	26	26	52.0	100.000	26	8.78e-04	0	0	100	100	Streptopelia decaocto voucher G 565 cytochrome oxidase subunit 1 (COI) gene, partial cds; mitochondrial	Streptopelia decaocto	0	1	26	681	656
4	26	26	52.0	100.000	26	8.78e-04	0	0	100	100	Cyprinus carpio haematopterus x Megalobrama amblycephala isolate 20190127 mitochondrion, complete genome	Cyprinus carpio haematopterus x Megalobrama amblycephala	0	1	26	6209	6184
4	26	26	52.0	100.000	26	8.78e-04	0	0	100	100	Plusioglyphiulus saksit voucher CAM021 cytochrome c oxidase subunit I (COX1) gene, partial cds; mitochondrial	Plusioglyphiulus saksit	0	1	26	686	661
4	26	26	52.0	100.000	26	8.78e-04	0	0	100	100	Scolytodes swieteniae voucher CtSct24 cytochrome c oxidase subunit I (COX1) gene, partial cds; mitochondrial	Scolytodes swieteniae	0	1	26	479	454
4	26	26	52.0	100.000	26	8.78e-04	0	0	100	100	Notoplana delicata ICHUM:6011 mitochondrial COX1 gene for cytochrome c oxidase subunit 1, partial cds	Notoplana delicata	0	1	26	681	656
4	26	26	52.0	100.000	26	8.78e-04	0	0	100	100	Carassius auratus isolate 1 cytochrome c oxidase subunit I (COX1) gene, complete cds; mitochondrial	Carassius auratus	0	1	26	731	706
4	26	26	52.0	100.000	26	8.78e-04	0	0	100	100	Culicoides wadai voucher AUDG03 cytochrome oxidase subunit I (COI) gene, partial cds; mitochondrial	Culicoides wadai	0	1	26	494	469
4	26	26	52.0	100.000	26	8.78e-04	0	0	100	100	Culicoides wadai voucher AUDG02 cytochrome oxidase subunit I (COI) gene, partial cds; mitochondrial	Culicoides wadai	0	1	26	494	469
4	26	26	52.0	100.000	26	8.78e-04	0	0	100	100	Culicoides gulbenkiani voucher ZAGR04 cytochrome oxidase subunit I (COI) gene, partial cds; mitochondrial	Culicoides gulbenkiani	0	1	26	494	469
4	26	26	52.0	100.000	26	8.78e-04	0	0	100	100	Culicoides gulbenkiani voucher ZAGR03 cytochrome oxidase subunit I (COI) gene, partial cds; mitochondrial	Culicoides gulbenkiani	0	1	26	494	469
4	26	26	52.0	100.000	26	8.78e-04	0	0	100	100	Culicoides gulbenkiani voucher ZAGR02 cytochrome oxidase subunit I (COI) gene, partial cds; mitochondrial	Culicoides gulbenkiani	0	1	26	494	469
5	26	26	52.0	100.000	26	8.78e-04	0	0	100	100	Sinolapotamon patellifer mitochondrion, complete genome	Sinolapotamon patellifer	0	1	26	725	700
5	26	26	52.0	100.000	26	8.78e-04	0	0	100	100	Bradysia sp. XQM-2020 mitochondrion	Bradysia sp. XQM-2020	0	1	26	2014	1989
5	26	26	52.0	100.000	26	8.78e-04	0	0	100	100	Xylosandrus beesoni isolate SAX118 cytochrome oxidase subunit I (COI) gene, partial cds; mitochondrial	Xylosandrus beesoni	0	1	26	670	645
5	26	26	52.0	100.000	26	8.78e-04	0	0	100	100	Aimophila rufescens voucher UWBM 93598 cytochrome oxidase subunit 1 gene, partial cds; mitochondrial	Aimophila rufescens	0	1	26	68	43
5	26	26	52.0	100.000	26	8.78e-04	0	0	100	100	Aimophila rufescens voucher FMNH 394022 cytochrome oxidase subunit 1 gene, partial cds; mitochondrial	Aimophila rufescens	0	1	26	644	619
5	26	26	52.0	100.000	26	8.78e-04	0	0	100	100	Plagiognathops microlepis isolate CX125 cytochrome oxidase subunit I (coxI) gene, partial cds; mitochondrial	Plagiognathops microlepis	0	1	26	692	667
5	26	26	52.0	100.000	26	8.78e-04	0	0	100	100	Xenocypris davidi isolate CX63 cytochrome oxidase subunit I (coxI) gene, partial cds; mitochondrial	Xenocypris davidi	0	1	26	692	667
5	26	26	52.0	100.000	26	8.78e-04	0	0	100	100	Plagiognathops microlepis isolate CX126 cytochrome oxidase subunit I (coxI) gene, partial cds; mitochondrial	Plagiognathops microlepis	0	1	26	692	667
5	26	26	52.0	100.000	26	8.78e-04	0	0	100	100	Xenocypris davidi isolate CX64 cytochrome oxidase subunit I (coxI) gene, partial cds; mitochondrial	Xenocypris davidi	0	1	26	633	608
5	26	26	52.0	100.000	26	8.78e-04	0	0	100	100	Xenocypris argentea isolate CX19 cytochrome oxidase subunit I (coxI) gene, partial cds; mitochondrial	Xenocypris argentea	0	1	26	692	667
6	26	26	52.0	100.000	26	8.78e-04	0	0	100	100	Rhacophorus schlegelii mitochondrial COX1 gene for cytochrome c oxidase subunit 1, partial cds	Zhangixalus schlegelii	0	1	26	728	703
6	26	26	52.0	100.000	26	8.78e-04	0	0	100	100	Trachyjulus bifidus voucher CAM061 cytochrome c oxidase subunit I (COX1) gene, partial cds; mitochondrial	Trachyjulus bifidus	0	1	26	686	661
6	26	26	52.0	100.000	26	8.78e-04	0	0	100	100	Trachyjulus bifidus voucher CAM059 cytochrome c oxidase subunit I (COX1) gene, partial cds; mitochondrial	Trachyjulus bifidus	0	1	26	686	661
6	26	26	52.0	100.000	26	8.78e-04	0	0	100	100	Felis catus Senzu DNA, chromosome: D2, American Shorthair breed	Felis catus	0	1	26	17742447	17742422
6	26	26	52.0	100.000	26	8.78e-04	0	0	100	100	Felis catus Senzu DNA, chromosome: D2, American Shorthair breed	Felis catus	0	1	26	17750247	17750222
6	26	26	52.0	100.000	26	8.78e-04	0	0	100	100	Felis catus Senzu DNA, chromosome: D2, American Shorthair breed	Felis catus	0	1	26	17758084	17758059
6	26	26	52.0	100.000	26	8.78e-04	0	0	100	100	Felis catus Senzu DNA, chromosome: D2, American Shorthair breed	Felis catus	0	1	26	17766016	17765991
6	26	26	52.0	100.000	26	8.78e-04	0	0	100	100	Felis catus Senzu DNA, chromosome: D2, American Shorthair breed	Felis catus	0	1	26	17773830	17773805
6	26	26	52.0	100.000	26	8.78e-04	0	0	100	100	Felis catus Senzu DNA, chromosome: D2, American Shorthair breed	Felis catus	0	1	26	17781636	17781611
6	26	26	52.0	100.000	26	8.78e-04	0	0	100	100	Felis catus Senzu DNA, chromosome: D2, American Shorthair breed	Felis catus	0	1	26	17789433	17789408
6	26	26	52.0	100.000	26	8.78e-04	0	0	100	100	Felis catus Senzu DNA, chromosome: D2, American Shorthair breed	Felis catus	0	1	26	17797370	17797345
6	26	26	52.0	100.000	26	8.78e-04	0	0	100	100	Felis catus Senzu DNA, chromosome: D2, American Shorthair breed	Felis catus	0	1	26	17805313	17805288
6	26	26	52.0	100.000	26	8.78e-04	0	0	100	100	Felis catus Senzu DNA, chromosome: D2, American Shorthair breed	Felis catus	0	1	26	17813249	17813224
6	26	26	52.0	100.000	26	8.78e-04	0	0	100	100	Felis catus Senzu DNA, chromosome: D2, American Shorthair breed	Felis catus	0	1	26	17821179	17821154
6	26	26	52.0	100.000	26	8.78e-04	0	0	100	100	Felis catus Senzu DNA, chromosome: D2, American Shorthair breed	Felis catus	0	1	26	17829123	17829098
6	26	26	52.0	100.000	26	8.78e-04	0	0	100	100	Felis catus Senzu DNA, chromosome: D2, American Shorthair breed	Felis catus	0	1	26	17837067	17837042
6	26	26	52.0	100.000	26	8.78e-04	0	0	100	100	Felis catus Senzu DNA, chromosome: D2, American Shorthair breed	Felis catus	0	1	26	17845004	17844979
6	26	26	52.0	100.000	26	8.78e-04	0	0	100	100	Felis catus Senzu DNA, chromosome: D2, American Shorthair breed	Felis catus	0	1	26	17852938	17852913
6	16	16	32.2	100.000	16	815	0	0	100	62	Felis catus Senzu DNA, chromosome: D2, American Shorthair breed	Felis catus	0	5	20	1673003	1672988
6	20	16	32.2	95.000	19	815	0	0	100	77	Felis catus Senzu DNA, chromosome: D2, American Shorthair breed	Felis catus	1	7	26	41406564	41406545
6	26	26	52.0	100.000	26	8.78e-04	0	0	100	100	Mus musculus wagneri voucher 25559 cytochrome oxidase subunit I (Cox1) gene, partial cds; mitochondrial	Mus musculus wagneri	0	1	26	731	706
6	26	26	52.0	100.000	26	8.78e-04	0	0	100	100	Hybognathus amarus mitochondrion, complete genome	Hybognathus amarus	0	1	26	6212	6187
6	26	26	52.0	100.000	26	8.78e-04	0	0	100	100	Garra shamal isolate Gbar233 cytochrome c oxidase subunit I (COX1) gene, partial cds; mitochondrial	Garra shamal	0	1	26	684	659
6	26	26	52.0	100.000	26	8.78e-04	0	0	100	100	Garra shamal isolate Gbar210 cytochrome c oxidase subunit I (COX1) gene, partial cds; mitochondrial	Garra shamal	0	1	26	684	659
6	26	26	52.0	100.000	26	8.78e-04	0	0	100	100	Garra shamal isolate Gbar240 cytochrome c oxidase subunit I (COX1) gene, partial cds; mitochondrial	Garra shamal	0	1	26	684	659
6	26	26	52.0	100.000	26	8.78e-04	0	0	100	100	Garra shamal isolate Gbar185 cytochrome c oxidase subunit I (COX1) gene, partial cds; mitochondrial	Garra shamal	0	1	26	684	659
7	26	26	52.0	100.000	26	8.78e-04	0	0	100	100	Trichiurus lepturus mitochondrion, complete genome	Trichiurus lepturus	0	1	26	6256	6231
7	26	26	52.0	100.000	26	8.78e-04	0	0	100	100	PREDICTED: Osmia lignaria cytochrome c oxidase subunit 1-like (LOC117611527), partial mRNA	Osmia lignaria	0	1	26	398	373
7	26	26	52.0	100.000	26	8.78e-04	0	0	100	100	Parabotia lijiangensis voucher F1921120 mitochondrion, complete genome	Parabotia lijiangensis	0	1	26	6204	6179
7	26	26	52.0	100.000	26	8.78e-04	0	0	100	100	Garra sharq isolate Gbar412 cytochrome c oxidase subunit I (COX1) gene, partial cds; mitochondrial	Garra sharq	0	1	26	684	659
7	26	26	52.0	100.000	26	8.78e-04	0	0	100	100	Garra sharq isolate Gbar254 cytochrome c oxidase subunit I (COX1) gene, partial cds; mitochondrial	Garra sharq	0	1	26	684	659
7	26	26	52.0	100.000	26	8.78e-04	0	0	100	100	Garra sharq isolate Gbar665 cytochrome c oxidase subunit I (COX1) gene, partial cds; mitochondrial	Garra sharq	0	1	26	684	659
7	26	26	52.0	100.000	26	8.78e-04	0	0	100	100	Garra sharq isolate Gbar664 cytochrome c oxidase subunit I (COX1) gene, partial cds; mitochondrial	Garra sharq	0	1	26	684	659
7	26	26	52.0	100.000	26	8.78e-04	0	0	100	100	Garra sharq isolate Gbar663 cytochrome c oxidase subunit I (COX1) gene, partial cds; mitochondrial	Garra sharq	0	1	26	684	659
7	26	26	52.0	100.000	26	8.78e-04	0	0	100	100	Garra longipinnis isolate Gbar225 cytochrome c oxidase subunit I (COX1) gene, partial cds; mitochondrial	Garra longipinnis	0	1	26	684	659
7	26	26	52.0	100.000	26	8.78e-04	0	0	100	100	Garra longipinnis isolate Gbar172 cytochrome c oxidase subunit I (COX1) gene, partial cds; mitochondrial	Garra longipinnis	0	1	26	684	659
8	26	26	52.0	100.000	26	8.78e-04	0	0	100	100	Homo sapiens dynein cytoplasmic 2 heavy chain 1 (DYNC2H1), RefSeqGene on chromosome 11	Homo sapiens	0	1	26	300690	300715
8	26	26	52.0	100.000	26	8.78e-04	0	0	100	100	Lota lota voucher UAM:Fish:10530 cytochrome oxidase subunit 1 gene, partial cds; mitochondrial	Lota lota	0	1	26	482	507
8	26	26	52.0	100.000	26	8.78e-04	0	0	100	100	Lota lota voucher UAM:Fish:10528 cytochrome oxidase subunit 1 gene, partial cds; mitochondrial	Lota lota	0	1	26	482	507
8	26	26	52.0	100.000	26	8.78e-04	0	0	100	100	Lota lota voucher UAM:Fish:10522 cytochrome oxidase subunit 1 gene, partial cds; mitochondrial	Lota lota	0	1	26	482	507
8	26	26	52.0	100.000	26	8.78e-04	0	0	100	100	Lota lota voucher UAM:Fish:10519 cytochrome oxidase subunit 1 gene, partial cds; mitochondrial	Lota lota	0	1	26	482	507
8	26	26	52.0	100.000	26	8.78e-04	0	0	100	100	Homo sapiens chromosome 8, clone CTD-2309H9, complete sequence	Homo sapiens	0	1	26	35465	35490
8	26	26	52.0	100.000	26	8.78e-04	0	0	100	100	Homo sapiens chromosome 17, clone RP11-646F1, complete sequence	Homo sapiens	0	1	26	131402	131427
8	26	26	52.0	100.000	26	8.78e-04	0	0	100	100	Homo sapiens chromosome 17, clone RP11-846F4, complete sequence	Homo sapiens	0	1	26	146748	146773
8	26	26	52.0	100.000	26	8.78e-04	0	0	100	100	Homo sapiens chromosome 5 clone RP11-531A21, complete sequence	Homo sapiens	0	1	26	171700	171725
8	26	26	52.0	100.000	26	8.78e-04	0	0	100	100	Homo sapiens chromosome 5 clone CTC-432B14, complete sequence	Homo sapiens	0	1	26	22629	22654
9	26	26	52.0	100.000	26	8.78e-04	0	0	100	100	Anguis graeca mitochondrion, complete genome	Anguis graeca	0	1	26	6043	6018
9	26	26	52.0	100.000	26	8.78e-04	0	0	100	100	Macaca fascicularis fascicularis CMT1 mitochondrial DNA, complete genome	Macaca fascicularis fascicularis	0	1	26	6586	6561
9	26	26	52.0	100.000	26	8.78e-04	0	0	100	100	Eleginus gracilis isolate SACD1067 mitochondrion, complete genome	Eleginus gracilis	0	1	26	6173	6148
9	26	26	52.0	100.000	26	8.78e-04	0	0	100	100	Eleginus gracilis isolate SACD1066 mitochondrion, complete genome	Eleginus gracilis	0	1	26	6173	6148
9	26	26	52.0	100.000	26	8.78e-04	0	0	100	100	Eleginus gracilis isolate SACD1065 mitochondrion, complete genome	Eleginus gracilis	0	1	26	6173	6148
9	26	26	52.0	100.000	26	8.78e-04	0	0	100	100	Eleginus gracilis isolate SACD1064 mitochondrion, complete genome	Eleginus gracilis	0	1	26	6173	6148
9	26	26	52.0	100.000	26	8.78e-04	0	0	100	100	Eleginus gracilis isolate SACD2472 mitochondrion, complete genome	Eleginus gracilis	0	1	26	6173	6148
9	26	26	52.0	100.000	26	8.78e-04	0	0	100	100	Eleginus gracilis isolate SACD2471 mitochondrion, complete genome	Eleginus gracilis	0	1	26	6173	6148
9	26	26	52.0	100.000	26	8.78e-04	0	0	100	100	Eleginus gracilis isolate SACD2469 mitochondrion, complete genome	Eleginus gracilis	0	1	26	6173	6148
9	26	26	52.0	100.000	26	8.78e-04	0	0	100	100	Eleginus gracilis isolate SACD2467 mitochondrion, complete genome	Eleginus gracilis	0	1	26	6175	6150
10	26	26	52.0	100.000	26	8.78e-04	0	0	100	100	Scincella modesta mitochondrion, complete genome	Scincella modesta	0	1	26	6012	5987
10	26	26	52.0	100.000	26	8.78e-04	0	0	100	100	Geocoris ochropterus mitochondrial COI gene for cytochrome c oxidase subunit I, partial cds	Geocoris ochropterus	0	1	26	398	373
10	26	26	52.0	100.000	26	8.78e-04	0	0	100	100	Ochotona hyperborea voucher HLJ17163 mitochondrion, partial genome	Ochotona hyperborea	0	1	26	6067	6042
10	26	26	52.0	100.000	26	8.78e-04	0	0	100	100	Ochotona hyperborea voucher HLJ17142 mitochondrion, partial genome	Ochotona hyperborea	0	1	26	6067	6042
10	26	26	52.0	100.000	26	8.78e-04	0	0	100	100	Ochotona hyperborea voucher HLJ17045 mitochondrion, partial genome	Ochotona hyperborea	0	1	26	6068	6043
10	26	26	52.0	100.000	26	8.78e-04	0	0	100	100	Ochotona hyperborea voucher HLJ17020 mitochondrion, partial genome	Ochotona hyperborea	0	1	26	6067	6042
10	26	26	52.0	100.000	26	8.78e-04	0	0	100	100	Chlorocebus aethiops mitochondrion, complete genome	Chlorocebus aethiops	0	1	26	6051	6026
10	26	26	52.0	100.000	26	8.78e-04	0	0	100	100	Turdus merula isolate DM211 mitochondrion, complete genome	Turdus merula	0	1	26	6124	6099
10	26	26	52.0	100.000	26	8.78e-04	0	0	100	100	Tokunosia tenuipes Amami-0456 mitochondrial COI gene for cytochrome oxidase subunit I, partial cds	Tokunosia tenuipes	0	1	26	371	346
10	26	26	52.0	100.000	26	8.78e-04	0	0	100	100	Neomys fodiens isolate DM31 mitochondrion, partial genome	Neomys fodiens	0	1	26	6071	6046
11	26	26	52.0	100.000	26	8.78e-04	0	0	100	100	Thalamita danae isolate Td2 cytochrome oxidase subunit I (COI) gene, partial cds; mitochondrial	Thalamita danae	0	1	26	577	602
11	26	26	52.0	100.000	26	8.78e-04	0	0	100	100	Fregata minor isolate IIL-FMIN375 cytochrome oxidase subunit I (COI) gene, partial cds; mitochondrial	Fregata minor	0	1	26	27	52
11	26	26	52.0	100.000	26	8.78e-04	0	0	100	100	Fregata minor isolate IIL-FMIN366 cytochrome oxidase subunit I (COI) gene, partial cds; mitochondrial	Fregata minor	0	1	26	27	52
11	26	26	52.0	100.000	26	8.78e-04	0	0	100	100	Fregata minor isolate IIL-FMIN333 cytochrome oxidase subunit I (COI) gene, partial cds; mitochondrial	Fregata minor	0	1	26	27	52
11	26	26	52.0	100.000	26	8.78e-04	0	0	100	100	Fregata minor isolate IIL-FMIN314 cytochrome oxidase subunit I (COI) gene, partial cds; mitochondrial	Fregata minor	0	1	26	27	52
11	26	26	52.0	100.000	26	8.78e-04	0	0	100	100	Fregata minor isolate IIL-FMIN312 cytochrome oxidase subunit I (COI) gene, partial cds; mitochondrial	Fregata minor	0	1	26	27	52
11	26	26	52.0	100.000	26	8.78e-04	0	0	100	100	Fregata minor isolate IIL-FMIN234 cytochrome oxidase subunit I (COI) gene, partial cds; mitochondrial	Fregata minor	0	1	26	27	52
11	26	26	52.0	100.000	26	8.78e-04	0	0	100	100	Fregata minor isolate IIL-FMIN213 cytochrome oxidase subunit I (COI) gene, partial cds; mitochondrial	Fregata minor	0	1	26	27	52
11	26	26	52.0	100.000	26	8.78e-04	0	0	100	100	Fregata minor isolate IIL-FMIN210 cytochrome oxidase subunit I (COI) gene, partial cds; mitochondrial	Fregata minor	0	1	26	27	52
11	26	26	52.0	100.000	26	8.78e-04	0	0	100	100	Menticirrhus littoralis mitochondrion, complete genome	Menticirrhus littoralis	0	1	26	6228	6203
12	26	26	52.0	100.000	26	8.78e-04	0	0	100	100	Trachyjulus singularis voucher CAM107 cytochrome c oxidase subunit I (COX1) gene, partial cds; mitochondrial	Trachyjulus singularis	0	1	26	686	661
12	26	26	52.0	100.000	26	8.78e-04	0	0	100	100	Trachyjulus singularis voucher CAM029 cytochrome c oxidase subunit I (COX1) gene, partial cds; mitochondrial	Trachyjulus singularis	0	1	26	686	661
12	26	26	52.0	100.000	26	8.78e-04	0	0	100	100	Leiognathus equulus voucher EBRC/ZSI/F-10966 cytochrome oxidase subunit I (COI) gene, partial cds; mitochondrial	Leiognathus equula	0	1	26	631	606
12	26	26	52.0	100.000	26	8.78e-04	0	0	100	100	Lionepha tuulukwa voucher OSAC:DRMaddison DNA2636 cytochrome oxidase subunit 1 (COI) gene, partial cds; mitochondrial	Lionepha tuulukwa	0	1	26	684	659
12	26	26	52.0	100.000	26	8.78e-04	0	0	100	100	Lionepha tuulukwa voucher OSAC:DRMaddison DNA2635 cytochrome oxidase subunit 1 (COI) gene, partial cds; mitochondrial	Lionepha tuulukwa	0	1	26	684	659
12	26	26	52.0	100.000	26	8.78e-04	0	0	100	100	Ondatra zibethicus mitochondrion, complete genome	Ondatra zibethicus	0	1	26	6031	6006
12	26	26	52.0	100.000	26	8.78e-04	0	0	100	100	Neolinguatula nuttalli voucher Linguatula85_Africa cytochrome c oxidase subunit I (COX1) gene, partial cds; mitochondrial	Neolinguatula nuttalli	0	1	26	641	616
12	26	26	52.0	100.000	26	8.78e-04	0	0	100	100	Neolinguatula nuttalli voucher Linguatula82_Africa cytochrome c oxidase subunit I (COX1) gene, partial cds; mitochondrial	Neolinguatula nuttalli	0	1	26	641	616
12	26	26	52.0	100.000	26	8.78e-04	0	0	100	100	Neolinguatula nuttalli voucher Linguatula75_Africa cytochrome c oxidase subunit I (COX1) gene, partial cds; mitochondrial	Neolinguatula nuttalli	0	1	26	641	616
12	26	26	52.0	100.000	26	8.78e-04	0	0	100	100	Neolinguatula nuttalli voucher Linguatula72_Africa cytochrome c oxidase subunit I (COX1) gene, partial cds; mitochondrial	Neolinguatula nuttalli	0	1	26	641	616
13	26	26	52.0	100.000	26	8.78e-04	0	0	100	100	Jaydia carinatus mitochondrion, complete genome	Jaydia carinatus	0	1	26	6214	6189
13	26	26	52.0	100.000	26	8.78e-04	0	0	100	100	Phylloscopus fuscatus mitochondrion, complete genome	Phylloscopus fuscatus	0	1	26	6143	6118
13	26	26	52.0	100.000	26	8.78e-04	0	0	100	100	Holothuria leucospilota cytochrome c oxidase subunit I (COX1) gene, partial cds; mitochondrial	Holothuria leucospilota	0	1	26	471	446
13	26	26	52.0	100.000	26	8.78e-04	0	0	100	100	Phylloscopus fuscatus mitochondrion, complete genome	Phylloscopus fuscatus	0	1	26	6143	6118
13	26	26	52.0	100.000	26	8.78e-04	0	0	100	100	Macrophthalmus pacificus mitochondrion, complete genome	Macrophthalmus pacificus	0	1	26	725	700
13	26	26	52.0	100.000	26	8.78e-04	0	0	100	100	Panthera tigris altaica strain FEBBM-60 mitochondrion, complete genome	Panthera tigris altaica	0	1	26	6438	6413
13	26	26	52.0	100.000	26	8.78e-04	0	0	100	100	Somateria mollissima isolate DM185 mitochondrion	Somateria mollissima	0	1	26	6142	6117
13	26	26	52.0	100.000	26	8.78e-04	0	0	100	100	Phylloscopus sibilatrix isolate DM230 mitochondrion	Phylloscopus sibilatrix	0	1	26	6142	6117
13	26	26	52.0	100.000	26	8.78e-04	0	0	100	100	Phylloscopus schwarzi mitochondrion	Phylloscopus schwarzi	0	1	26	15448	15423
13	26	26	52.0	100.000	26	8.78e-04	0	0	100	100	Hylomyscus walterverheyeni voucher MNHN-ZM-2007-746 mitochondrion, partial genome	Hylomyscus walterverheyeni	0	1	26	737	712
14	26	26	52.0	100.000	26	8.78e-04	0	0	100	100	Malacomys edwardsi voucher DV206 mitochondrion, partial genome	Malacomys edwardsi	0	1	26	6057	6032
14	26	26	52.0	100.000	26	8.78e-04	0	0	100	100	Corydoras trilineatus mitochondrion, complete genome	Corydoras trilineatus	0	1	26	6178	6153
14	26	26	52.0	100.000	26	8.78e-04	0	0	100	100	Deveximentum insidiator voucher EBRC/ZSI/F-10957 cytochrome oxidase subunit I (COI) gene, partial cds; mitochondrial	Deveximentum insidiator	0	1	26	665	640
14	26	26	52.0	100.000	26	8.78e-04	0	0	100	100	Corydoras panda mitochondrion, complete genome	Corydoras panda	0	1	26	6182	6157
14	26	26	52.0	100.000	26	8.78e-04	0	0	100	100	Corydoras sterbai mitochondrion, complete genome	Corydoras sterbai	0	1	26	6178	6153
14	26	26	52.0	100.000	26	8.78e-04	0	0	100	100	Corydoras duplicareus mitochondrion, complete genome	Corydoras duplicareus	0	1	26	6179	6154
14	26	26	52.0	100.000	26	8.78e-04	0	0	100	100	Notropis lutipinnis voucher GMNH<USA-GA>:11921 mitochondrion, complete genome	Notropis lutipinnis	0	1	26	6200	6175
14	26	26	52.0	100.000	26	8.78e-04	0	0	100	100	Hydrophis lapemoides isolate 1 cytochrome oxidase subunit I (COI) gene, partial cds; mitochondrial	Hydrophis lapemoides	0	1	26	434	409
14	26	26	52.0	100.000	26	8.78e-04	0	0	100	100	Lepisma saccharina mitochondrion, complete genome	Lepisma saccharina	0	1	26	11893	11868
14	26	26	52.0	100.000	26	8.78e-04	0	0	100	100	Cirrhinus mrigala clone TA-10.5 cytochrome oxidase subunit 1 (COI) gene, partial cds; mitochondrial	Cirrhinus mrigala	0	1	26	645	620
15	26	26	52.0	100.000	26	8.78e-04	0	0	100	100	Scaptochirus moschatus isolate M11099 mitochondrion, complete genome	Scaptochirus moschatus	0	1	26	6095	6070
15	26	26	52.0	100.000	26	8.78e-04	0	0	100	100	Corydoras arcuatus mitochondrion, complete genome	Corydoras arcuatus	0	1	26	6178	6153
15	26	26	52.0	100.000	26	8.78e-04	0	0	100	100	Acrossocheilus yunnanensis mitochondrion, complete genome	Acrossocheilus yunnanensis	0	1	26	6213	6188
15	26	26	52.0	100.000	26	8.78e-04	0	0	100	100	Pomacentrus moluccensis mitochondrion, complete genome	Pomacentrus moluccensis	0	1	26	6223	6198
15	26	26	52.0	100.000	26	8.78e-04	0	0	100	100	Lethrinus nebulosus Lne3 mitochondrial COX1 gene, similar to cytochrome c oxidase subunit 1, partial sequence	Lethrinus nebulosus	0	1	26	682	657
15	26	26	52.0	100.000	26	8.78e-04	0	0	100	100	Lethrinus nebulosus Lne2 mitochondrial COX1 gene, similar to cytochrome c oxidase subunit 1, partial sequence	Lethrinus nebulosus	0	1	26	682	657
15	26	26	52.0	100.000	26	8.78e-04	0	0	100	100	Lethrinus nebulosus Lne1 mitochondrial COX1 gene, similar to cytochrome c oxidase subunit 1, partial sequence	Lethrinus nebulosus	0	1	26	682	657
15	26	26	52.0	100.000	26	8.78e-04	0	0	100	100	Sphyraena chrysotaenia Sch3 mitochondrial COX1 gene, similar to cytochrome c oxidase subunit 1, partial sequence	Sphyraena chrysotaenia	0	1	26	674	649
15	26	26	52.0	100.000	26	8.78e-04	0	0	100	100	Sphyraena chrysotaenia Sch2 mitochondrial COX1 gene, similar to cytochrome c oxidase subunit 1, partial sequence	Sphyraena chrysotaenia	0	1	26	674	649
15	26	26	52.0	100.000	26	8.78e-04	0	0	100	100	Sphyraena chrysotaenia Sch1 mitochondrial COX1 gene, similar to cytochrome c oxidase subunit 1, partial sequence	Sphyraena chrysotaenia	0	1	26	674	649
