0	26	26	52.0	100.000	26	8.78e-04	0	0	100	100	Henricia pachyderma mitochondrion, complete genome	Henricia pachyderma	0	1	26	706	731
0	26	26	52.0	100.000	26	8.78e-04	0	0	100	100	Scolytodes montanus voucher CtSct25 cytochrome c oxidase subunit I (COX1) gene, partial cds; mitochondrial	Scolytodes montanus	0	1	26	454	479
0	26	26	52.0	100.000	26	8.78e-04	0	0	100	100	Pentasetacus novozelandicus isolate d71 cytochrome c oxidase subunit I (COX1) gene, partial cds; mitochondrial	Pentasetacus novozelandicus	0	1	26	658	683
0	26	26	52.0	100.000	26	8.78e-04	0	0	100	100	Melogale moschata mitochondrion, complete genome	Melogale moschata	0	1	26	6043	6068
0	26	26	52.0	100.000	26	8.78e-04	0	0	100	100	Analophus parallelus mitochondrion, partial genome	Analophus parallelus	0	1	26	2139	2164
0	26	26	52.0	100.000	26	8.78e-04	0	0	100	100	Mammilla mammata mitochondrion, complete genome	Mammilla mammata	0	1	26	697	722
0	26	26	52.0	100.000	26	8.78e-04	0	0	100	100	Picumna sp. ZISP ISSID G027 cytochrome c oxidase subunit I (COI) gene, partial cds; mitochondrial	Picumna sp. ZISP ISSID G027	0	1	26	1	26
0	26	26	52.0	100.000	26	8.78e-04	0	0	100	100	Agalmatium flavescens cytochrome c oxidase subunit I (COI) gene, partial cds; mitochondrial	Agalmatium flavescens	0	1	26	1	26
0	26	26	52.0	100.000	26	8.78e-04	0	0	100	100	Xylosandrus mancus isolate SAX313 cytochrome oxidase subunit I (COI) gene, partial cds; mitochondrial	Xylosandrus mancus	0	1	26	645	670
0	26	26	52.0	100.000	26	8.78e-04	0	0	100	100	Xylosandrus amputatus isolate SAX111 cytochrome oxidase subunit I (COI) gene, partial cds; mitochondrial	Xylosandrus amputatus	0	1	26	645	670
1	26	26	52.0	100.000	26	8.78e-04	0	0	100	100	Neoplocaederus obesus mitochondrion, complete genome	Neoplocaederus obesus	0	1	26	2110	2135
1	26	26	52.0	100.000	26	8.78e-04	0	0	100	100	Nysius inconspicuus isolate rmn1 cytochrome c oxidase subunit I (COX1) gene, partial cds; mitochondrial	Nysius inconspicuus	0	1	26	631	656
1	26	26	52.0	100.000	26	8.78e-04	0	0	100	100	Erebia melas voucher JM4_3 cytochrome c oxidase subunit 1 (COI) gene, partial cds; mitochondrial	Erebia melas	0	1	26	593	618
1	26	26	52.0	100.000	26	8.78e-04	0	0	100	100	Antodynerus aff. limbatus YN mitochondrion, complete genome	Antodynerus aff. limbatus YN	0	1	26	4189	4214
1	26	26	52.0	100.000	26	8.78e-04	0	0	100	100	Antodynerus aff. limbatus XZ mitochondrion, partial genome	Antodynerus aff. limbatus XZ	0	1	26	2092	2117
1	26	26	52.0	100.000	26	8.78e-04	0	0	100	100	Antodynerus aff. limbatus GX mitochondrion, partial genome	Antodynerus aff. limbatus GX	0	1	26	2088	2113
1	26	26	52.0	100.000	26	8.78e-04	0	0	100	100	Scolytodes sp. CtSct28 cytochrome c oxidase subunit I (COX1) gene, partial cds; mitochondrial	Scolytodes sp. CtSct28	0	1	26	454	479
1	26	26	52.0	100.000	26	8.78e-04	0	0	100	100	Scolytodes frontocarinatus voucher CtSct18 cytochrome c oxidase subunit I (COX1) gene, partial cds; mitochondrial	Scolytodes frontocarinatus	0	1	26	454	479
1	26	26	52.0	100.000	26	8.78e-04	0	0	100	100	Praomys rostratus voucher MNHN2001125 mitochondrion, complete genome	Praomys rostratus	0	1	26	6008	6033
1	26	26	52.0	100.000	26	8.78e-04	0	0	100	100	Culicoides suzukii voucher VNMC07 cytochrome oxidase subunit I (COI) gene, partial cds; mitochondrial	Culicoides suzukii	0	1	26	469	494
2	26	26	52.0	100.000	26	8.78e-04	0	0	100	100	TPA_asm: Rhodnius pictipes mitochondrion, complete genome	Rhodnius pictipes	0	1	26	7844	7869
2	26	26	52.0	100.000	26	8.78e-04	0	0	100	100	Scolytodes projectus voucher CtSct34 cytochrome c oxidase subunit I (COX1) gene, partial cds; mitochondrial	Scolytodes projectus	0	1	26	454	479
2	26	26	52.0	100.000	26	8.78e-04	0	0	100	100	Longitarsus zangherii voucher 34B cytochrome oxidase subunit 1 (COI) gene, partial cds; mitochondrial	Longitarsus zangherii	0	1	26	661	686
2	26	26	52.0	100.000	26	8.78e-04	0	0	100	100	Longitarsus zangherii voucher 34C cytochrome oxidase subunit 1 (COI) gene, partial cds; mitochondrial	Longitarsus zangherii	0	1	26	661	686
2	26	26	52.0	100.000	26	8.78e-04	0	0	100	100	Longitarsus lycopi voucher 27B cytochrome oxidase subunit 1 (COI) gene, partial cds; mitochondrial	Longitarsus lycopi	0	1	26	661	686
2	26	26	52.0	100.000	26	8.78e-04	0	0	100	100	Sarcophaga formosensis isolate HN201912120 cytochrome oxidase subunit I (COI) gene, partial cds; mitochondrial	Sarcophaga formosensis	0	1	26	37	62
2	26	26	52.0	100.000	26	8.78e-04	0	0	100	100	Enneaphyllus aeneipennis mitochondrion, partial genome	Enneaphyllus aeneipennis	0	1	26	2122	2147
2	26	26	52.0	100.000	26	8.78e-04	0	0	100	100	Liparthrum colchicum voucher FP1 cytochrome c oxidase subunit I (COX1) gene, partial cds; mitochondrial	Liparthrum colchicum	0	1	26	659	684
2	26	26	52.0	100.000	26	8.78e-04	0	0	100	100	Sarcophaga highlandica isolate GJasar1_BH cytochrome oxidase subunit I (COI) gene, partial cds; tRNA-Leu (trnL) gene, complete sequence; and cytochrome oxidase subunit II (COII) gene, complete cds; mitochondrial	Sarcophaga highlandica	0	1	26	706	731
2	26	26	52.0	100.000	26	8.78e-04	0	0	100	100	Sarcophaga karnyi isolate Bkarnyi_PKetam cytochrome oxidase subunit I (COI) gene, partial cds; tRNA-Leu (trnL) gene, complete sequence; and cytochrome oxidase subunit II (COII) gene, complete cds; mitochondrial	Sarcophaga karnyi	0	1	26	706	731
3	26	26	52.0	100.000	26	8.78e-04	0	0	100	100	Milionia basalis mitochondrion	Milionia basalis	0	1	26	2209	2234
3	26	26	52.0	100.000	26	8.78e-04	0	0	100	100	Scolytodes chapuisi voucher CtSct11 cytochrome c oxidase subunit I (COX1) gene, partial cds; mitochondrial	Scolytodes chapuisi	0	1	26	454	479
3	26	26	52.0	100.000	26	8.78e-04	0	0	100	100	Longitarsus succineus voucher 22C cytochrome oxidase subunit 1 (COI) gene, partial cds; mitochondrial	Longitarsus succineus	0	1	26	661	686
3	26	26	52.0	100.000	26	8.78e-04	0	0	100	100	Longitarsus succineus voucher db51 cytochrome oxidase subunit 1 (COI) gene, partial cds; mitochondrial	Longitarsus succineus	0	1	26	633	658
3	26	26	52.0	100.000	26	8.78e-04	0	0	100	100	Longitarsus succineus voucher 22A cytochrome oxidase subunit 1 (COI) gene, partial cds; mitochondrial	Longitarsus succineus	0	1	26	661	686
3	26	26	52.0	100.000	26	8.78e-04	0	0	100	100	Longitarsus rectilineatus voucher 21B cytochrome oxidase subunit 1 (COI) gene, partial cds; mitochondrial	Longitarsus rectilineatus	0	1	26	661	686
3	26	26	52.0	100.000	26	8.78e-04	0	0	100	100	Longitarsus rectilineatus voucher 21C cytochrome oxidase subunit 1 (COI) gene, partial cds; mitochondrial	Longitarsus rectilineatus	0	1	26	661	686
3	26	26	52.0	100.000	26	8.78e-04	0	0	100	100	Longitarsus juncicola voucher 32B cytochrome oxidase subunit 1 (COI) gene, partial cds; mitochondrial	Longitarsus juncicola	0	1	26	661	686
3	26	26	52.0	100.000	26	8.78e-04	0	0	100	100	Longitarsus juncicola voucher 32D cytochrome oxidase subunit 1 (COI) gene, partial cds; mitochondrial	Longitarsus juncicola	0	1	26	661	686
3	26	26	52.0	100.000	26	8.78e-04	0	0	100	100	Longitarsus juncicola voucher 32C_A11 cytochrome oxidase subunit 1 (COI) gene, partial cds; mitochondrial	Longitarsus juncicola	0	1	26	661	686
4	26	26	52.0	100.000	26	8.78e-04	0	0	100	100	Poecilobdella manillensis voucher CUMZ 3406 (NK2) cytochrome c oxidase subunit I (COX1) gene, partial cds; mitochondrial	Poecilobdella manillensis	0	1	26	658	683
4	26	26	52.0	100.000	26	8.78e-04	0	0	100	100	Poecilobdella manillensis voucher CUMZ 3405 (NK1) cytochrome c oxidase subunit I (COX1) gene, partial cds; mitochondrial	Poecilobdella manillensis	0	1	26	658	683
4	26	26	52.0	100.000	26	8.78e-04	0	0	100	100	Cydalima perspectalis mitochondrion, complete genome	Cydalima perspectalis	0	1	26	2157	2182
4	26	26	52.0	100.000	26	8.78e-04	0	0	100	100	Adelges tsugae voucher STY143 mitochondrion, complete genome	Adelges tsugae	0	1	26	2175	2200
4	26	26	52.0	100.000	26	8.78e-04	0	0	100	100	Ptenothrix huangshanensis mitochondrion, partial genome	Ptenothrix huangshanensis	0	1	26	2082	2107
4	26	26	52.0	100.000	26	8.78e-04	0	0	100	100	Culex cf. sitiens MAFP8.E9 clone 1 cytochrome oxidase subunit 1 (COI) gene, partial cds; mitochondrial	Culex cf. sitiens MAFP8.E9	0	1	26	453	478
4	26	26	52.0	100.000	26	8.78e-04	0	0	100	100	Cryptonatica andoi mitochondrion, complete genome	Cryptonatica andoi	0	1	26	697	722
4	26	26	52.0	100.000	26	8.78e-04	0	0	100	100	Xylosandrus queenslandi isolate SAX368 cytochrome oxidase subunit I (COI) gene, partial cds; mitochondrial	Xylosandrus queenslandi	0	1	26	645	670
4	26	26	52.0	100.000	26	8.78e-04	0	0	100	100	Xylosandrus sp. n. 3 AIC-2020 isolate SAX113 cytochrome oxidase subunit I (COI) gene, partial cds; mitochondrial	Xylosandrus sp. n. 3 AIC-2020	0	1	26	645	670
4	26	26	52.0	100.000	26	8.78e-04	0	0	100	100	Hadrodemius comans isolate SAX338 cytochrome oxidase subunit I (COI) gene, partial cds; mitochondrial	Hadrodemius comans	0	1	26	645	670
5	26	26	52.0	100.000	26	8.78e-04	0	0	100	100	Dermanyssus gallinae mitochondrial partial COI gene for cytochrome oxidase subunit 1, isolate CzechRepub1.5	Dermanyssus gallinae	0	1	26	354	379
5	26	26	52.0	100.000	26	8.78e-04	0	0	100	100	Dermanyssus gallinae mitochondrial partial COI gene for cytochrome oxidase subunit 1, isolate Portugal2.6	Dermanyssus gallinae	0	1	26	354	379
5	26	26	52.0	100.000	26	8.78e-04	0	0	100	100	Dermanyssus gallinae mitochondrial partial COI gene for cytochrome oxidase subunit 1, isolate Portugal2.5	Dermanyssus gallinae	0	1	26	354	379
5	26	26	52.0	100.000	26	8.78e-04	0	0	100	100	Dermanyssus gallinae mitochondrial partial COI gene for cytochrome oxidase subunit 1, isolate Portugal2.4	Dermanyssus gallinae	0	1	26	354	379
5	26	26	52.0	100.000	26	8.78e-04	0	0	100	100	Coccidophilus cariba mitochondrion, complete genome	Coccidophilus cariba	0	1	26	2098	2123
5	26	26	52.0	100.000	26	8.78e-04	0	0	100	100	Amaga expatria voucher MNHN JL310 cytochrome c oxidase subunit I (COX1) gene, partial cds; mitochondrial	Amaga expatria	0	1	26	475	500
5	26	26	52.0	100.000	26	8.78e-04	0	0	100	100	Amaga expatria voucher MNHN JL305 cytochrome c oxidase subunit I (COX1) gene, partial cds; mitochondrial	Amaga expatria	0	1	26	475	500
5	26	26	52.0	100.000	26	8.78e-04	0	0	100	100	Amaga expatria voucher MNHN JL289 cytochrome c oxidase subunit I (COX1) gene, partial cds; mitochondrial	Amaga expatria	0	1	26	475	500
5	26	26	52.0	100.000	26	8.78e-04	0	0	100	100	Amaga expatria voucher MNHN JL217 cytochrome c oxidase subunit I (COX1) gene, partial cds; mitochondrial	Amaga expatria	0	1	26	437	462
5	26	26	52.0	100.000	26	8.78e-04	0	0	100	100	Amaga expatria voucher MNHN JL146 cytochrome c oxidase subunit I (COX1) gene, partial cds; mitochondrial	Amaga expatria	0	1	26	475	500
6	26	26	52.0	100.000	26	8.78e-04	0	0	100	100	Colias sareptensis voucher NW17797 cytochrome c oxidase subunit 1 (COI) gene, partial cds; mitochondrial	Colias sareptensis	0	1	26	659	684
6	26	26	52.0	100.000	26	8.78e-04	0	0	100	100	Scolytodes borealis voucher CtSct22 cytochrome c oxidase subunit I (COX1) gene, partial cds; mitochondrial	Scolytodes borealis	0	1	26	454	479
6	26	26	52.0	100.000	26	8.78e-04	0	0	100	100	Longitarsus zangherii voucher 34A cytochrome oxidase subunit 1 (COI) gene, partial cds; mitochondrial	Longitarsus zangherii	0	1	26	661	686
6	26	26	52.0	100.000	26	8.78e-04	0	0	100	100	Longitarsus salviae voucher 37C cytochrome oxidase subunit 1 (COI) gene, partial cds; mitochondrial	Longitarsus salviae	0	1	26	661	686
6	26	26	52.0	100.000	26	8.78e-04	0	0	100	100	Longitarsus salviae voucher 37B cytochrome oxidase subunit 1 (COI) gene, partial cds; mitochondrial	Longitarsus salviae	0	1	26	661	686
6	26	26	52.0	100.000	26	8.78e-04	0	0	100	100	Longitarsus salviae voucher 37A cytochrome oxidase subunit 1 (COI) gene, partial cds; mitochondrial	Longitarsus salviae	0	1	26	661	686
6	26	26	52.0	100.000	26	8.78e-04	0	0	100	100	Longitarsus salviae voucher db29 cytochrome oxidase subunit 1 (COI) gene, partial cds; mitochondrial	Longitarsus salviae	0	1	26	633	658
6	26	26	52.0	100.000	26	8.78e-04	0	0	100	100	Scythris sinensis mitochondrion, complete genome	Scythris sinensis	0	1	26	2168	2193
6	26	26	52.0	100.000	26	8.78e-04	0	0	100	100	Tenthredo propinqua voucher DEI:GISHym12639 cytochrome c oxidase subunit I (cox1) gene, partial cds; mitochondrial	Tenthredo propinqua	0	1	26	668	693
6	26	26	52.0	100.000	26	8.78e-04	0	0	100	100	Acropyga kinomurai voucher ACR83 mitochondrion, complete genome	Acropyga kinomurai	0	1	26	3773	3798
7	26	26	52.0	100.000	26	8.78e-04	0	0	100	100	Scolytodes fraterniatratus voucher CtSct26 cytochrome c oxidase subunit I (COX1) gene, partial cds; mitochondrial	Scolytodes fraterniatratus	0	1	26	427	452
7	26	26	52.0	100.000	26	8.78e-04	0	0	100	100	Scolytodes fraterniatratus voucher CtSct15 cytochrome c oxidase subunit I (COX1) gene, partial cds; mitochondrial	Scolytodes fraterniatratus	0	1	26	454	479
7	26	26	52.0	100.000	26	8.78e-04	0	0	100	100	Alphitobius diaperinus mitochondrion, complete genome	Alphitobius diaperinus	0	1	26	2121	2146
7	26	26	52.0	100.000	26	8.78e-04	0	0	100	100	Nassarius granifer isolate LSGB-JQD-1 mitochondrion, complete genome	Nassarius granifer	0	1	26	3933	3958
7	26	26	52.0	100.000	26	8.78e-04	0	0	100	100	Scolopendra mutilans voucher CMMI 20190702006 cytochrome c oxidase subunit I (COX1) gene, partial cds; mitochondrial	Scolopendra mutilans	0	1	26	665	690
7	26	26	52.0	100.000	26	8.78e-04	0	0	100	100	Scolopendra mutilans voucher CMMI 20190331001 cytochrome c oxidase subunit I (COX1) gene, partial cds; mitochondrial	Scolopendra mutilans	0	1	26	665	690
7	26	26	52.0	100.000	26	8.78e-04	0	0	100	100	Longitarsus ordinatus voucher 27C_A11 cytochrome oxidase subunit 1 (COI) gene, partial cds; mitochondrial	Longitarsus ordinatus	0	1	26	661	686
7	26	26	52.0	100.000	26	8.78e-04	0	0	100	100	Longitarsus exsoletus voucher db18 cytochrome oxidase subunit 1 (COI) gene, partial cds; mitochondrial	Longitarsus exsoletus	0	1	26	633	658
7	26	26	52.0	100.000	26	8.78e-04	0	0	100	100	Longitarsus exsoletus voucher 33B cytochrome oxidase subunit 1 (COI) gene, partial cds; mitochondrial	Longitarsus exsoletus	0	1	26	661	686
7	26	26	52.0	100.000	26	8.78e-04	0	0	100	100	Longitarsus exsoletus voucher 33C cytochrome oxidase subunit 1 (COI) gene, partial cds; mitochondrial	Longitarsus exsoletus	0	1	26	661	686
8	26	26	52.0	100.000	26	8.78e-04	0	0	100	100	Ethmia epitrocha voucher NKU-WQY0062 cytochrome c oxidase subunit I (COI) gene, partial cds; mitochondrial	Ethmia epitrocha	0	1	26	660	685
8	26	26	52.0	100.000	26	8.78e-04	0	0	100	100	Zenarchopterus buffonis mitochondrion, complete genome	Zenarchopterus buffonis	0	1	26	6181	6206
8	26	26	52.0	100.000	26	8.78e-04	0	0	100	100	Hanleyella oldroydi voucher CSUF_DNA_DE_de1424 mitochondrion, complete genome	Hanleyella oldroydi	0	1	26	673	698
8	26	26	52.0	100.000	26	8.78e-04	0	0	100	100	Nierstraszella lineata voucher CSUF_DNA_DE_de0100 mitochondrion, complete genome	Nierstraszella lineata	0	1	26	697	722
8	26	26	52.0	100.000	26	8.78e-04	0	0	100	100	Tetranychus urticae isolate Ger1vk cytochrome c oxidase subunit I (COI) gene, partial cds; mitochondrial	Tetranychus urticae	0	1	26	457	482
8	26	26	52.0	100.000	26	8.78e-04	0	0	100	100	Culex watti isolate MAFP6.C7 cytochrome oxidase subunit 1 (COI) gene, partial cds; mitochondrial	Culex watti	0	1	26	453	478
8	26	26	52.0	100.000	26	8.78e-04	0	0	100	100	Calliptamus barbarus mitochondrion, complete genome	Calliptamus barbarus	0	1	26	2139	2164
8	26	26	52.0	100.000	26	8.78e-04	0	0	100	100	Gesonula punctifrons mitochondrion, complete genome	Gesonula punctifrons	0	1	26	2126	2151
8	26	26	52.0	100.000	26	8.78e-04	0	0	100	100	Tshurtshurnella bicolorata cytochrome c oxidase subunit I (COI) gene, partial cds; mitochondrial	Tshurtshurnella bicolorata	0	1	26	1	26
8	26	26	52.0	100.000	26	8.78e-04	0	0	100	100	Traxus fulvus cytochrome c oxidase subunit I (COI) gene, partial cds; mitochondrial	Traxus fulvus	0	1	26	1	26
9	26	26	52.0	100.000	26	8.78e-04	0	0	100	100	Trichagalma acutissimae mitochondrion, complete genome	Trichagalma acutissimae	0	1	26	3616	3641
9	26	26	52.0	100.000	26	8.78e-04	0	0	100	100	Cybister guerini voucher cuab1 cytochrome c oxidase subunit I (COX1) gene, partial cds; mitochondrial	Cybister guerini	0	1	26	418	443
9	26	26	52.0	100.000	26	8.78e-04	0	0	100	100	Abbottina rivularis isolate AR-AM-Er01 mitochondrion, complete genome	Abbottina rivularis	0	1	26	6191	6216
9	26	26	52.0	100.000	26	8.78e-04	0	0	100	100	Pangasiocestus romani isolate PBI-492 cytochrome c oxidase subunit I (COX1) gene, partial cds; mitochondrial	Pangasiocestus romani	0	1	26	709	734
9	26	26	52.0	100.000	26	8.78e-04	0	0	100	100	Scolytodes johnsoni voucher CtSct23 cytochrome c oxidase subunit I (COX1) gene, partial cds; mitochondrial	Scolytodes johnsoni	0	1	26	454	479
9	26	26	52.0	100.000	26	8.78e-04	0	0	100	100	Penaeus semisulcatus mitochondrion, complete genome	Penaeus semisulcatus	0	1	26	2172	2197
9	26	26	52.0	100.000	26	8.78e-04	0	0	100	100	Cofana yasumatsui mitochondrion, complete genome	Cofana yasumatsui	0	1	26	2623	2648
9	26	26	52.0	100.000	26	8.78e-04	0	0	100	100	Scolopocryptops nigrimaculatus voucher CMMI 20181207002 cytochrome c oxidase subunit I (COX1) gene, partial cds; mitochondrial	Scolopocryptops nigrimaculatus	0	1	26	665	690
9	26	26	52.0	100.000	26	8.78e-04	0	0	100	100	Theatops chuanensis voucher CMMI 20190606004 cytochrome c oxidase subunit I (COX1) gene, partial cds; mitochondrial	Theatops chuanensis	0	1	26	665	690
9	26	26	52.0	100.000	26	8.78e-04	0	0	100	100	Culicoides sinanoensis voucher RUXX04 cytochrome oxidase subunit I (COI) gene, partial cds; mitochondrial	Culicoides sinanoensis	0	1	26	469	494
10	26	26	52.0	100.000	26	8.78e-04	0	0	100	100	Lecithocera tylobathra voucher NKU-WQY0106 cytochrome c oxidase subunit I (COI) gene, partial cds; mitochondrial	Lecithocera tylobathra	0	1	26	660	685
10	26	26	52.0	100.000	26	8.78e-04	0	0	100	100	Tropilaelaps clareae TC144 mitochondrial COI gene for cytochrome oxidase I, partial cds	Tropilaelaps clareae	0	1	26	341	366
10	26	26	52.0	100.000	26	8.78e-04	0	0	100	100	Tropilaelaps clareae TC130 mitochondrial COI gene for cytochrome oxidase I, partial cds	Tropilaelaps clareae	0	1	26	341	366
10	26	26	52.0	100.000	26	8.78e-04	0	0	100	100	Tropilaelaps clareae TC126 mitochondrial COI gene for cytochrome oxidase I, partial cds	Tropilaelaps clareae	0	1	26	341	366
10	26	26	52.0	100.000	26	8.78e-04	0	0	100	100	Axis axis voucher CHT-L4 cytochrome c oxidase subunit I (COX1) gene, partial cds; mitochondrial	Axis axis	0	1	26	652	677
10	26	26	52.0	100.000	26	8.78e-04	0	0	100	100	Axis axis voucher CHT-L3 cytochrome c oxidase subunit I (COX1) gene, partial cds; mitochondrial	Axis axis	0	1	26	652	677
10	26	26	52.0	100.000	26	8.78e-04	0	0	100	100	Axis axis voucher CHT-L2 cytochrome c oxidase subunit I (COX1) gene, partial cds; mitochondrial	Axis axis	0	1	26	643	668
10	26	26	52.0	100.000	26	8.78e-04	0	0	100	100	Ceratophysella communis mitochondrion, complete genome	Ceratophysella communis	0	1	26	2139	2164
10	26	26	52.0	100.000	26	8.78e-04	0	0	100	100	Ceratophysella communis mitochondrion, complete genome	Ceratophysella communis	0	1	26	2139	2164
10	26	26	52.0	100.000	26	8.78e-04	0	0	100	100	Rhipicephalus turanicus isolate GY34-1 cytochrome c oxidase subunit I (COX1) gene, partial cds; mitochondrial	Rhipicephalus turanicus	0	1	26	653	678
11	26	26	52.0	100.000	26	8.78e-04	0	0	100	100	Pyrostremma spinosum voucher ZSI C-1 cytochrome c oxidase subunit I (COI) gene, partial cds; mitochondrial	Pyrostremma spinosum	0	1	26	678	703
11	26	26	52.0	100.000	26	8.78e-04	0	0	100	100	Mitra lens cytochrome c oxidase subunit 1 (COI) gene, partial cds; mitochondrial	Neotiara lens	0	1	26	684	709
11	26	26	52.0	100.000	26	8.78e-04	0	0	100	100	Lasiommata maera voucher JL7_7 cytochrome c oxidase subunit 1 (COI) gene, partial cds; mitochondrial	Lasiommata maera	0	1	26	659	684
11	26	26	52.0	100.000	26	8.78e-04	0	0	100	100	Apatura metis voucher NW100_1 cytochrome c oxidase subunit 1 (COI) gene, partial cds; mitochondrial	Apatura metis	0	1	26	634	659
11	26	26	52.0	100.000	26	8.78e-04	0	0	100	100	Mileewa margheritae mitochondrion, complete genome	Mileewa margheritae	0	1	26	2055	2080
11	26	26	52.0	100.000	26	8.78e-04	0	0	100	100	Zyras simulans cytochrome c oxidase subunit I (COX1) gene, partial cds; mitochondrial	Zyras simulans	0	1	26	554	579
11	26	26	52.0	100.000	26	8.78e-04	0	0	100	100	Florometra sp. BMK-2020 mitochondrion, complete genome	Florometra sp. BMK-2020	0	1	26	706	731
11	26	26	52.0	100.000	26	8.78e-04	0	0	100	100	Hoploplana ornata ICHUM:6017 mitochondrial COX1 gene for cytochrome c oxidase subunit 1, partial cds	Hoploplana ornata	0	1	26	656	681
11	26	26	52.0	100.000	26	8.78e-04	0	0	100	100	Aedes aegypti isolate PeCO2 cytochrome oxidase subunit I (COI) gene, partial cds; mitochondrial	Aedes aegypti	0	1	26	676	701
11	26	26	52.0	100.000	26	8.78e-04	0	0	100	100	Aedes aegypti isolate GuMa9 cytochrome oxidase subunit I (COI) gene, partial cds; mitochondrial	Aedes aegypti	0	1	26	655	680
12	26	26	52.0	100.000	26	8.78e-04	0	0	100	100	Idiocerus herrichii voucher IMNU201905040001 mitochondrion, complete genome	Idiocerus herrichii	0	1	26	2080	2105
12	26	26	52.0	100.000	26	8.78e-04	0	0	100	100	Rhynchium aff. brunneum GX mitochondrion, complete genome	Rhynchium aff. brunneum GX	0	1	26	8236	8261
12	26	26	52.0	100.000	26	8.78e-04	0	0	100	100	Rhynchium aff. brunneum YN mitochondrion, complete genome	Rhynchium aff. brunneum YN	0	1	26	8309	8334
12	26	26	52.0	100.000	26	8.78e-04	0	0	100	100	Rhynchium quinquecinctum mitochondrion, partial genome	Rhynchium quinquecinctum	0	1	26	2316	2341
12	26	26	52.0	100.000	26	8.78e-04	0	0	100	100	Scolytodes sp. CtSct31 cytochrome c oxidase subunit I (COX1) gene, partial cds; mitochondrial	Scolytodes sp. CtSct31	0	1	26	454	479
12	26	26	52.0	100.000	26	8.78e-04	0	0	100	100	Lionepha disjuncta voucher OSAC:DRMaddison DNA3090 cytochrome oxidase subunit 1 (COI) gene, partial cds; mitochondrial	Lionepha disjuncta	0	1	26	659	684
12	26	26	52.0	100.000	26	8.78e-04	0	0	100	100	Lionepha disjuncta voucher OSAC:DRMaddison DNA3069 cytochrome oxidase subunit 1 (COI) gene, partial cds; mitochondrial	Lionepha disjuncta	0	1	26	659	684
12	26	26	52.0	100.000	26	8.78e-04	0	0	100	100	Prosoeca peringueyi voucher V1 cytochrome c oxidase subunit I (COX1) gene, partial cds; mitochondrial	Prosoeca peringueyi	0	1	26	587	612
12	26	26	52.0	100.000	26	8.78e-04	0	0	100	100	Stichopus horrens mitochondrion, complete genome	Stichopus horrens	0	1	26	706	731
12	26	26	52.0	100.000	26	8.78e-04	0	0	100	100	Anopheles gambiae isolate G-04 cytochrome c oxidase subunit I (COX1) gene, partial cds; mitochondrial	Anopheles gambiae	0	1	26	700	725
13	26	26	52.0	100.000	26	8.78e-04	0	0	100	100	Ascotis selenaria voucher JKD00014 cytochrome oxidase subunit 1 (COI) gene, partial cds; mitochondrial	Ascotis selenaria	0	1	26	314	339
13	26	26	52.0	100.000	26	8.78e-04	0	0	100	100	Scolytodes maurus voucher CtSct20 cytochrome c oxidase subunit I (COX1) gene, partial cds; mitochondrial	Scolytodes maurus	0	1	26	454	479
13	26	26	52.0	100.000	26	8.78e-04	0	0	100	100	Culicoides tuttifrutti voucher ZAPR06 cytochrome oxidase subunit I (COI) gene, partial cds; mitochondrial	Culicoides tuttifrutti	0	1	26	469	494
13	26	26	52.0	100.000	26	8.78e-04	0	0	100	100	Culicoides orientalis voucher VNMC14 cytochrome oxidase subunit I (COI) gene, partial cds; mitochondrial	Culicoides orientalis	0	1	26	469	494
13	26	26	52.0	100.000	26	8.78e-04	0	0	100	100	Culicoides loxodontis voucher ZAKR03 cytochrome oxidase subunit I (COI) gene, partial cds; mitochondrial	Culicoides loxodontis	0	1	26	469	494
13	26	26	52.0	100.000	26	8.78e-04	0	0	100	100	Culicoides loxodontis voucher ZAKR02 cytochrome oxidase subunit I (COI) gene, partial cds; mitochondrial	Culicoides loxodontis	0	1	26	469	494
13	26	26	52.0	100.000	26	8.78e-04	0	0	100	100	Culicoides loxodontis voucher ZAKR01 cytochrome oxidase subunit I (COI) gene, partial cds; mitochondrial	Culicoides loxodontis	0	1	26	469	494
13	26	26	52.0	100.000	26	8.78e-04	0	0	100	100	Culicoides kanagai voucher ZAKR07 cytochrome oxidase subunit I (COI) gene, partial cds; mitochondrial	Culicoides kanagai	0	1	26	469	494
13	26	26	52.0	100.000	26	8.78e-04	0	0	100	100	Culicoides jacobsoni voucher VNMC22 cytochrome oxidase subunit I (COI) gene, partial cds; mitochondrial	Culicoides jacobsoni	0	1	26	469	494
13	26	26	52.0	100.000	26	8.78e-04	0	0	100	100	Culicoides jacobsoni voucher VNMC19 cytochrome oxidase subunit I (COI) gene, partial cds; mitochondrial	Culicoides jacobsoni	0	1	26	469	494
14	26	26	52.0	100.000	26	8.78e-04	0	0	100	100	Hydropotes inermis mitochondrion, complete genome	Hydropotes inermis	0	1	26	1954	1929
14	26	26	52.0	100.000	26	8.78e-04	0	0	100	100	Scolytodes latipes voucher CtSct07 cytochrome c oxidase subunit I (COX1) gene, partial cds; mitochondrial	Scolytodes latipes	0	1	26	454	479
14	26	26	52.0	100.000	26	8.78e-04	0	0	100	100	Cephalothrix sp. BMK-2020 mitochondrion, complete genome	Cephalothrix sp. BMK-2020	0	1	26	14789	14814
14	26	26	52.0	100.000	26	8.78e-04	0	0	100	100	Longitarsus pratensis voucher 6C_A5 cytochrome oxidase subunit 1 (COI) gene, partial cds; mitochondrial	Longitarsus pratensis	0	1	26	661	686
14	26	26	52.0	100.000	26	8.78e-04	0	0	100	100	Longitarsus pratensis voucher 6A_A5 cytochrome oxidase subunit 1 (COI) gene, partial cds; mitochondrial	Longitarsus pratensis	0	1	26	661	686
14	26	26	52.0	100.000	26	8.78e-04	0	0	100	100	Longitarsus pratensis voucher db36 cytochrome oxidase subunit 1 (COI) gene, partial cds; mitochondrial	Longitarsus pratensis	0	1	26	633	658
14	26	26	52.0	100.000	26	8.78e-04	0	0	100	100	Longitarsus pratensis voucher 6D_A5 cytochrome oxidase subunit 1 (COI) gene, partial cds; mitochondrial	Longitarsus pratensis	0	1	26	661	686
14	26	26	52.0	100.000	26	8.78e-04	0	0	100	100	Longitarsus pratensis voucher db25 cytochrome oxidase subunit 1 (COI) gene, partial cds; mitochondrial	Longitarsus pratensis	0	1	26	633	658
14	26	26	52.0	100.000	26	8.78e-04	0	0	100	100	Megastigmus manonae voucher HE146 cytochrome c oxidase subunit I (COI) gene, partial cds; mitochondrial	Megastigmus manonae	0	1	26	217	242
14	26	26	52.0	100.000	26	8.78e-04	0	0	100	100	Megastigmus manonae isolate HE199M885 voucher HE199 cytochrome c oxidase subunit I (COI) gene, partial cds; mitochondrial	Megastigmus manonae	0	1	26	389	414
15	26	26	52.0	100.000	26	8.78e-04	0	0	100	100	Trichopria drosophilae mitochondrion, complete genome	Trichopria drosophilae	0	1	26	14150	14125
15	26	26	52.0	100.000	26	8.78e-04	0	0	100	100	Leishmania major strain Friedlin genome assembly, chromosome: 1	Leishmania major strain Friedlin	0	1	26	12935	12910
15	26	26	52.0	100.000	26	8.78e-04	0	0	100	100	Leishmania braziliensis genome assembly, chromosome: 1	Leishmania braziliensis	0	1	26	12499	12474
15	26	26	52.0	100.000	26	8.78e-04	0	0	100	100	TPA_asm: Leishmania peruviana strain LCA04 kinetoplast, complete sequence	Leishmania peruviana	0	1	26	12358	12333
15	26	26	52.0	100.000	26	8.78e-04	0	0	100	100	TPA_asm: Endotrypanum schaudinni strain ES1 kinetoplast, complete sequence	Endotrypanum schaudinni	0	1	26	12659	12634
15	26	26	52.0	100.000	26	8.78e-04	0	0	100	100	Daphnia sinensis genomic DNA containing mtDNA region, isolate RU-TU2-01	Daphnia sinensis	0	1	26	12930	12905
15	26	26	52.0	100.000	26	8.78e-04	0	0	100	100	Daphnia sinensis genomic DNA containing mtDNA region, isolate RU-SZB3	Daphnia sinensis	0	1	26	13541	13516
15	26	26	52.0	100.000	26	8.78e-04	0	0	100	100	Daphnia sinensis genomic DNA containing mtDNA region, isolate RU-TY6-3	Daphnia sinensis	0	1	26	12943	12918
15	26	26	52.0	100.000	26	8.78e-04	0	0	100	100	Daphnia sinensis genomic DNA containing mtDNA region, isolate RU-TY6-1	Daphnia sinensis	0	1	26	13609	13584
15	26	26	52.0	100.000	26	8.78e-04	0	0	100	100	Daphnia sinensis genomic DNA containing mtDNA region, isolate RU-BU1-3	Daphnia sinensis	0	1	26	13539	13514
